NOME;NOME FANTASIA;CNPJ;ANO;Relatório;ESCOPO;Categoria;Emissões (tCO2e);Emissões de CO2 biogênico (t);Remoções de CO2 biogênico (t)
Alcoa Alumínio S.A.;Alcoa;23.637.697/0135-13;2023;Controle Operacional; Escopo 1;Combustão móvel;77,112,788;9,181,248;0,000
Alcoa Alumínio S.A.;Alcoa;23.637.697/0135-13;2023;Controle Operacional; Escopo 1;Combustão estacionária;2,044,211,766;4,381,290;0,000
Alcoa Alumínio S.A.;Alcoa;23.637.697/0135-13;2023;Controle Operacional; Escopo 1;Processos industriais;576,108,888;0,000;0,000
Alcoa Alumínio S.A.;Alcoa;23.637.697/0135-13;2023;Controle Operacional; Escopo 1;Resíduos sólidos e efluentes líquidos;72,149,057;0,000;0,000
Alcoa Alumínio S.A.;Alcoa;23.637.697/0135-13;2023;Controle Operacional; Escopo 1;Fugitivas;1,551,587;0,000;0,000
Alcoa Alumínio S.A.;Alcoa;23.637.697/0135-13;2023;Controle Operacional; Escopo 1;Atividades agrícolas;114,331;0,000;0,000
Alcoa Alumínio S.A.;Alcoa;23.637.697/0135-13;2023;Controle Operacional; Escopo 1;Mudanças no uso do solo;360,352,351;13,971,939;15,427,585
Alcoa Alumínio S.A.;Alcoa;23.637.697/0135-13;2023;Controle Operacional; Escopo 2;Aquisição de energia elétrica - Abordagem baseada na localização;192,884,508;0,000;0,000
Alcoa Alumínio S.A.;Alcoa;23.637.697/0135-13;2023;Controle Operacional; Escopo 2;Aquisição de energia elétrica - Abordagem baseada na escolha de compra;73,132,281;0,000;0,000
Alcoa Alumínio S.A.;Alcoa;23.637.697/0135-13;2023;Controle Operacional;Escopo 3;"Atividades relacionadas com
combustível e energia não inclusas
nos Escopos 1 e 2";493,704,946;0,000;0,000
Alcoa Alumínio S.A.;Alcoa;23.637.697/0135-13;2023;Controle Operacional;Escopo 3;Transporte e distribuição (upstream);288,249,090;7,571,433;0,000
Alcoa Alumínio S.A.;Alcoa;23.637.697/0135-13;2023;Controle Operacional;Escopo 3;Resíduos gerados nas operações;274,375;197,281;0,000
Alcoa Alumínio S.A.;Alcoa;23.637.697/0135-13;2023;Controle Operacional;Escopo 3;Viagens a negócios;825,650;0,000;0,000
Alcoa Alumínio S.A.;Alcoa;23.637.697/0135-13;2023;Controle Operacional;Escopo 3;Emissões de funcionários (casa-trabalho);1,907,103;257,304;0,000
Alcoa Alumínio S.A.;Alcoa;23.637.697/0135-13;2023;Controle Operacional;Escopo 3;Transporte e distribuição (downstream);31,217,027;1,091,404;0,000
Alcoa Alumínio S.A.;Alcoa;23.637.697/0135-13;2023;Controle Operacional;Escopo 3;Gás de efeito estufa não contemplados pelo Protocolo de Quioto: HCFC-22 ;1,446,544;0,000;0,000
Alcoa Alumínio S.A.;Alcoa;23.637.697/0135-13;2023;Participação Societária; Escopo 1;Combustão móvel;47,300,113;5,615,511;0,000
Alcoa Alumínio S.A.;Alcoa;23.637.697/0135-13;2023;Participação Societária; Escopo 1;Combustão estacionária;1,182,879,343;2,624,023;0,000
Alcoa Alumínio S.A.;Alcoa;23.637.697/0135-13;2023;Participação Societária; Escopo 1;Processos industriais;328,209,233;0,000;0,000
Alcoa Alumínio S.A.;Alcoa;23.637.697/0135-13;2023;Participação Societária; Escopo 1;Resíduos sólidos e efluentes líquidos;41,209,930;0,000;0,000
Alcoa Alumínio S.A.;Alcoa;23.637.697/0135-13;2023;Participação Societária; Escopo 1;Fugitivas;1,021,648;0,000;0,000
Alcoa Alumínio S.A.;Alcoa;23.637.697/0135-13;2023;Participação Societária; Escopo 1;Atividades agrícolas;114,331;0,000;0,000
Alcoa Alumínio S.A.;Alcoa;23.637.697/0135-13;2023;Participação Societária; Escopo 1;Mudanças no uso do solo;214,737,884;13,970,721;9,243,854
Alcoa Alumínio S.A.;Alcoa;23.637.697/0135-13;2023;Participação Societária; Escopo 2;Aquisição de energia elétrica - Abordagem baseada na localização;115,265,764;0,000;0,000
Alcoa Alumínio S.A.;Alcoa;23.637.697/0135-13;2023;Participação Societária; Escopo 2;Aquisição de energia elétrica - Abordagem baseada na escolha de compra;41,663,460;0,000;0,000
Alcoa Alumínio S.A.;Alcoa;23.637.697/0135-13;2023;Participação Societária;Escopo 3;"Atividades relacionadas com
combustível e energia não inclusas
nos Escopos 1 e 2";286,831,257;0,000;0,000
Alcoa Alumínio S.A.;Alcoa;23.637.697/0135-13;2023;Participação Societária;Escopo 3;Transporte e distribuição (upstream);167,478,288;4,703,055;0,000
Alcoa Alumínio S.A.;Alcoa;23.637.697/0135-13;2023;Participação Societária;Escopo 3;Resíduos gerados nas operações;163,191;112,460;0,000
Alcoa Alumínio S.A.;Alcoa;23.637.697/0135-13;2023;Participação Societária;Escopo 3;Viagens a negócios;561,050;0,000;0,000
Alcoa Alumínio S.A.;Alcoa;23.637.697/0135-13;2023;Participação Societária;Escopo 3;Emissões de funcionários (casa-trabalho);1,279,469;182,356;0,000
Alcoa Alumínio S.A.;Alcoa;23.637.697/0135-13;2023;Participação Societária;Escopo 3;Transporte e distribuição (downstream);21,717,257;1,091,404;0,000
Alcoa Alumínio S.A.;Alcoa;23.637.697/0135-13;2023;Participação Societária;Escopo 3;Gás de efeito estufa não contemplados pelo Protocolo de Quioto: HCFC-22 ;824,203;0,000;0,000
Alcoa Alumínio S.A. São Paulo;Alcoa São Paulo;48.879.175/0001-47;2023;Controle Operacional;Escopo 1;Fugitivas;0,012;0,000;0,000
Alcoa Alumínio S.A. São Paulo;Alcoa São Paulo;48.879.175/0001-47;2023;Controle Operacional;Escopo 2;Aquisição de energia elétrica - Abordagem baseada na localização;2,108;0,000;0,000
Alcoa Alumínio S.A. São Paulo;Alcoa São Paulo;48.879.175/0001-47;2023;Controle Operacional;Escopo 2;Aquisição de energia elétrica - Abordagem baseada na escolha de compra;0,000;0,000;0,000
Alcoa Alumínio S.A. São Paulo;Alcoa São Paulo;48.879.175/0001-47;2023;Controle Operacional;Escopo 3;"Atividades relacionadas com
combustível e energia não inclusas
nos Escopos 1 e 2";0,940;0,000;0,000
Alcoa Alumínio S.A. São Paulo;Alcoa São Paulo;48.879.175/0001-47;2023;Controle Operacional;Escopo 3;Transporte e distribuição (upstream);881,131;105,216;0,000
Alcoa Alumínio S.A. São Paulo;Alcoa São Paulo;48.879.175/0001-47;2023;Controle Operacional;Escopo 3;Resíduos gerados nas operações;15,988;0,161;0,000
Alcoa Alumínio S.A. São Paulo;Alcoa São Paulo;48.879.175/0001-47;2023;Controle Operacional;Escopo 3;Viagens a negócios;39,548;0,000;0,000
Alcoa Alumínio S.A. São Paulo;Alcoa São Paulo;48.879.175/0001-47;2023;Controle Operacional;Escopo 3;Transporte e distribuição (downstream);2,611,934;311,898;0,000
Alcoa Alumínio S.A. São Paulo;Alcoa São Paulo;48.879.175/0001-47;2023;Participação Societária;Escopo 1;Fugitivas;0,012;0,000;0,000
Alcoa Alumínio S.A. São Paulo;Alcoa São Paulo;48.879.175/0001-47;2023;Participação Societária;Escopo 2;Aquisição de energia elétrica - Abordagem baseada na localização;2,108;0,000;0,000
Alcoa Alumínio S.A. São Paulo;Alcoa São Paulo;48.879.175/0001-47;2023;Participação Societária;Escopo 2;Aquisição de energia elétrica - Abordagem baseada na escolha de compra;0,000;0,000;0,000
Alcoa Alumínio S.A. São Paulo;Alcoa São Paulo;48.879.175/0001-47;2023;Participação Societária;Escopo 3;"Atividades relacionadas com
combustível e energia não inclusas
nos Escopos 1 e 2";0,940;0,000;0,000
Alcoa Alumínio S.A. São Paulo;Alcoa São Paulo;48.879.175/0001-47;2023;Participação Societária;Escopo 3;Transporte e distribuição (upstream);881,131;105,216;0,000
Alcoa Alumínio S.A. São Paulo;Alcoa São Paulo;48.879.175/0001-47;2023;Participação Societária;Escopo 3;Resíduos gerados nas operações;39,548;0,000;0,000
Alcoa Alumínio S.A. São Paulo;Alcoa São Paulo;48.879.175/0001-47;2023;Participação Societária;Escopo 3;Viagens a negócios;561,050;0,000;0,000
Alcoa Alumínio S.A. São Paulo;Alcoa São Paulo;48.879.175/0001-47;2023;Participação Societária;Escopo 3;Transporte e distribuição (downstream);2,611,934;311,898;0,000
Alcoa Alumínio S.A. São Paulo;Alcoa São Paulo;48.879.175/0001-47;2023;Participação Societária;Escopo 3;Gás de efeito estufa não contemplados pelo Protocolo de Quioto: HCFC-22 ;824,203;0,000;0,000
Alcoa World Alumina Brasil Ltda.;Alcoa Juruti;06.167.730/0005-91;2023;Controle Operacional;Escopo 1;Combustão móvel;62,388,485;7,407,090;0,000
Alcoa World Alumina Brasil Ltda.;Alcoa Juruti;06.167.730/0005-91;2023;Controle Operacional;Escopo 1;Combustão estacionária;34,953,315;4,224,484;0,000
Alcoa World Alumina Brasil Ltda.;Alcoa Juruti;06.167.730/0005-91;2023;Controle Operacional;Escopo 1;Resíduos sólidos e efluentes líquidos;102,952;0,000;0,000
Alcoa World Alumina Brasil Ltda.;Alcoa Juruti;06.167.730/0005-91;2023;Controle Operacional;Escopo 1;Fugitivas;18,133;0,000;0,000
Alcoa World Alumina Brasil Ltda.;Alcoa Juruti;06.167.730/0005-91;2023;Controle Operacional;Escopo 1;Mudanças no uso do solo;302,523,854;0,000;14,899,309
Alcoa World Alumina Brasil Ltda.;Alcoa Juruti;06.167.730/0005-91;2023;Controle Operacional;Escopo 3;"Atividades relacionadas com
combustível e energia não inclusas
nos Escopos 1 e 2";25,417;0,000;0,000
Alcoa World Alumina Brasil Ltda.;Alcoa Juruti;06.167.730/0005-91;2023;Controle Operacional;Escopo 3;Transporte e distribuição (upstream);1,388,324;165,780;0,000
Alcoa World Alumina Brasil Ltda.;Alcoa Juruti;06.167.730/0005-91;2023;Controle Operacional;Escopo 3;Viagens a negócios;473,017;0,000;0,000
Alcoa World Alumina Brasil Ltda.;Alcoa Juruti;06.167.730/0005-91;2023;Controle Operacional;Escopo 3;Gás de efeito estufa não contemplados pelo Protocolo de Quioto: HCFC-22 ;3,520;0,000;0,000
Alcoa World Alumina Brasil Ltda.;Alcoa Juruti;06.167.730/0005-91;2023;Participação Societária;Escopo 1;Combustão móvel;62,388,485;7,407,090;0,000
Alcoa World Alumina Brasil Ltda.;Alcoa Juruti;06.167.730/0005-91;2023;Participação Societária;Escopo 1;Combustão estacionária;34,953,315;4,224,484;0,000
Alcoa World Alumina Brasil Ltda.;Alcoa Juruti;06.167.730/0005-91;2023;Participação Societária;Escopo 1;Resíduos sólidos e efluentes líquidos;102,952;0,000;0,000
Alcoa World Alumina Brasil Ltda.;Alcoa Juruti;06.167.730/0005-91;2023;Participação Societária;Escopo 1;Fugitivas;18,133;0,000;0,000
Alcoa World Alumina Brasil Ltda.;Alcoa Juruti;06.167.730/0005-91;2023;Participação Societária;Escopo 1;Mudanças no uso do solo;302,523,854;0,000;14,899,309
Alcoa World Alumina Brasil Ltda.;Alcoa Juruti;06.167.730/0005-91;2023;Participação Societária;Escopo 3;"Atividades relacionadas com
combustível e energia não inclusas
nos Escopos 1 e 2";25,417;0,000;0,000
Alcoa World Alumina Brasil Ltda.;Alcoa Juruti;06.167.730/0005-91;2023;Participação Societária;Escopo 3;Transporte e distribuição (upstream);1,388,324;165,780;0,000
Alcoa World Alumina Brasil Ltda.;Alcoa Juruti;06.167.730/0005-91;2023;Participação Societária;Escopo 3;Viagens a negócios;473,017;0,000;0,000
Alcoa World Alumina Brasil Ltda.;Alcoa Juruti;06.167.730/0005-91;2023;Participação Societária;Escopo 3;Gás de efeito estufa não contemplados pelo Protocolo de Quioto: HCFC-22 ;3,520;0,000;0,000
Consórcio de Alumínio do Maranhão;Consórcio Alumar;00.655.209/0001-93;2023;Controle Operacional;Escopo 1;Combustão móvel;11,286,878;1,400,987;0,000
Consórcio de Alumínio do Maranhão;Consórcio Alumar;00.655.209/0001-93;2023;Controle Operacional;Escopo 1;Combustão estacionária;1,969,191,456;156,806;0,000
Consórcio de Alumínio do Maranhão;Consórcio Alumar;00.655.209/0001-93;2023;Controle Operacional;Escopo 1;Processos industriais;576,108,888;0,000;0,000
Consórcio de Alumínio do Maranhão;Consórcio Alumar;00.655.209/0001-93;2023;Controle Operacional;Escopo 1;Resíduos sólidos e efluentes líquidos;71,805,480;0,000;0,000
Consórcio de Alumínio do Maranhão;Consórcio Alumar;00.655.209/0001-93;2023;Controle Operacional;Escopo 1;Fugitivas;1,214,552;0,000;0,000
Consórcio de Alumínio do Maranhão;Consórcio Alumar;00.655.209/0001-93;2023;Controle Operacional;Escopo 1;Mudanças no uso do solo;57,180,862;0,000;520,584
Consórcio de Alumínio do Maranhão;Consórcio Alumar;00.655.209/0001-93;2023;Controle Operacional;Escopo 2;Aquisição de energia elétrica - Abordagem baseada na localização;180,377,047;0,000;0,000
Consórcio de Alumínio do Maranhão;Consórcio Alumar;00.655.209/0001-93;2023;Controle Operacional;Escopo 2;Aquisição de energia elétrica - Abordagem baseada na escolha de compra;73,132,281;0,000;0,000
Consórcio de Alumínio do Maranhão;Consórcio Alumar;00.655.209/0001-93;2023;Controle Operacional;Escopo 3;"Atividades relacionadas com
combustível e energia não inclusas
nos Escopos 1 e 2";480,736,618;0,000;0,000
Consórcio de Alumínio do Maranhão;Consórcio Alumar;00.655.209/0001-93;2023;Controle Operacional;Escopo 3;Transporte e distribuição (upstream);279,372,882;6,511,523;0,000
Consórcio de Alumínio do Maranhão;Consórcio Alumar;00.655.209/0001-93;2023;Controle Operacional;Escopo 3;Resíduos gerados nas operações;258,387;197,120;0,000
Consórcio de Alumínio do Maranhão;Consórcio Alumar;00.655.209/0001-93;2023;Controle Operacional;Escopo 3;Viagens a negócios;175,151;0,000;0,000
Consórcio de Alumínio do Maranhão;Consórcio Alumar;00.655.209/0001-93;2023;Controle Operacional;Escopo 3;Emissões de funcionários (casa-trabalho);1,458,387;174,137;0,000
Consórcio de Alumínio do Maranhão;Consórcio Alumar;00.655.209/0001-93;2023;Controle Operacional;Escopo 3;Transporte e distribuição (downstream);22,077,086;0,000;0,000
Consórcio de Alumínio do Maranhão;Consórcio Alumar;00.655.209/0001-93;2023;Controle Operacional;Escopo 3;Gás de efeito estufa não contemplados pelo Protocolo de Quioto: HCFC-22 ;1,443,024;0,000;0,000
Consórcio de Alumínio do Maranhão;Consórcio Alumar;00.655.209/0001-93;2023;Participação Societária;Escopo 1;Combustão móvel;11,286,878;1,400,987;0,000
Consórcio de Alumínio do Maranhão;Consórcio Alumar;00.655.209/0001-93;2023;Participação Societária;Escopo 1;Combustão estacionária;1,969,191,456;156,806;0,000
Consórcio de Alumínio do Maranhão;Consórcio Alumar;00.655.209/0001-93;2023;Participação Societária;Escopo 1;Processos industriais;576,108,888;0,000;0,000
Consórcio de Alumínio do Maranhão;Consórcio Alumar;00.655.209/0001-93;2023;Participação Societária;Escopo 1;Resíduos sólidos e efluentes líquidos;71,805,480;0,000;0,000
Consórcio de Alumínio do Maranhão;Consórcio Alumar;00.655.209/0001-93;2023;Participação Societária;Escopo 1;Fugitivas;1,214,552;0,000;0,000
Consórcio de Alumínio do Maranhão;Consórcio Alumar;00.655.209/0001-93;2023;Participação Societária;Escopo 1;Mudanças no uso do solo;57,180,862;0,000;520,584
Consórcio de Alumínio do Maranhão;Consórcio Alumar;00.655.209/0001-93;2023;Participação Societária;Escopo 2;Aquisição de energia elétrica - Abordagem baseada na localização;180,377,047;0,000;0,000
Consórcio de Alumínio do Maranhão;Consórcio Alumar;00.655.209/0001-93;2023;Participação Societária;Escopo 2;Aquisição de energia elétrica - Abordagem baseada na escolha de compra;73,132,281;0,000;0,000
Consórcio de Alumínio do Maranhão;Consórcio Alumar;00.655.209/0001-93;2023;Participação Societária;Escopo 3;"Atividades relacionadas com
combustível e energia não inclusas
nos Escopos 1 e 2";480,736,618;0,000;0,000
Consórcio de Alumínio do Maranhão;Consórcio Alumar;00.655.209/0001-93;2023;Participação Societária;Escopo 3;Transporte e distribuição (upstream);279,372,882;6,511,523;0,000
Consórcio de Alumínio do Maranhão;Consórcio Alumar;00.655.209/0001-93;2023;Participação Societária;Escopo 3;Resíduos gerados nas operações;258,387;197,120;0,000
Consórcio de Alumínio do Maranhão;Consórcio Alumar;00.655.209/0001-93;2023;Participação Societária;Escopo 3;Viagens a negócios;175,151;0,000;0,000
Consórcio de Alumínio do Maranhão;Consórcio Alumar;00.655.209/0001-93;2023;Participação Societária;Escopo 3;Emissões de funcionários (casa-trabalho);1,458,387;174,137;0,000
Consórcio de Alumínio do Maranhão;Consórcio Alumar;00.655.209/0001-93;2023;Participação Societária;Escopo 3;Transporte e distribuição (downstream);22,077,086;0,000;0,000
Consórcio de Alumínio do Maranhão;Consórcio Alumar;00.655.209/0001-93;2023;Participação Societária;Escopo 3;Gás de efeito estufa não contemplados pelo Protocolo de Quioto: HCFC-22 ;1,443,024;0,000;0,000
Companhia Geral de Minas;CGM;60.580.396/0001-15;2023;Controle Operacional;Escopo 1;Combustão móvel;749,476;89,373;0,000
Companhia Geral de Minas;CGM;60.580.396/0001-15;2023;Controle Operacional;Escopo 1;Atividades agrícolas;114,331;0,000;0,000
Companhia Geral de Minas;CGM;60.580.396/0001-15;2023;Controle Operacional;Escopo 1;Mudanças no uso do solo;647,635;7,880,563;7,692
Companhia Geral de Minas;CGM;60.580.396/0001-15;2023;Controle Operacional;Escopo 3;"Atividades relacionadas com
combustível e energia não inclusas
nos Escopos 1 e 2";165,642;0,000;0,000
Companhia Geral de Minas;CGM;60.580.396/0001-15;2023;Controle Operacional;Escopo 3;Viagens a negócios;7,347;0,000;0,000
Companhia Geral de Minas;CGM;60.580.396/0001-15;2023;Controle Operacional;Escopo 3;Transporte e distribuição (downstream);6,528,007;779,506;0,000
Companhia Geral de Minas;CGM;60.580.396/0001-15;2023;Participação Societária;Escopo 1;Combustão móvel;749,476;89,373;0,000
Companhia Geral de Minas;CGM;60.580.396/0001-15;2023;Participação Societária;Escopo 1;Atividades agrícolas;114,331;0,000;0,000
Companhia Geral de Minas;CGM;60.580.396/0001-15;2023;Participação Societária;Escopo 1;Mudanças no uso do solo;647,635;7,880,563;7,692
Companhia Geral de Minas;CGM;60.580.396/0001-15;2023;Participação Societária;Escopo 3;"Atividades relacionadas com
combustível e energia não inclusas
nos Escopos 1 e 2";165,642;0,000;0,000
Companhia Geral de Minas;CGM;60.580.396/0001-15;2023;Participação Societária;Escopo 3;Viagens a negócios;7,347;0,000;0,000
Companhia Geral de Minas;CGM;60.580.396/0001-15;2023;Participação Societária;Escopo 3;Transporte e distribuição (downstream);6,528,007;779,506;0,000
Alcoa Alumínio S.A. Poços de Caldas;Alcoa Poços de Caldas;23.637.697/0001-01;2023;Controle Operacional;Escopo 1;Combustão móvel;2,687,949;283,798;0,000
Alcoa Alumínio S.A. Poços de Caldas;Alcoa Poços de Caldas;23.637.697/0001-01;2023;Controle Operacional;Escopo 1;Combustão estacionária;40,066,995;0,000;0,000
Alcoa Alumínio S.A. Poços de Caldas;Alcoa Poços de Caldas;23.637.697/0001-01;2023;Controle Operacional;Escopo 1;Resíduos sólidos e efluentes líquidos;240,625;0,000;0,000
Alcoa Alumínio S.A. Poços de Caldas;Alcoa Poços de Caldas;23.637.697/0001-01;2023;Controle Operacional;Escopo 1;Fugitivas;318,890;0,000;0,000
Alcoa Alumínio S.A. Poços de Caldas;Alcoa Poços de Caldas;23.637.697/0001-01;2023;Controle Operacional;Escopo 1;Mudanças no uso do solo;0,000;6,091,376;0,000
Alcoa Alumínio S.A. Poços de Caldas;Alcoa Poços de Caldas;23.637.697/0001-01;2023;Controle Operacional;Escopo 2;Aquisição de energia elétrica - Abordagem baseada na localização;12,505,353;0,000;0,000
Alcoa Alumínio S.A. Poços de Caldas;Alcoa Poços de Caldas;23.637.697/0001-01;2023;Controle Operacional;Escopo 2;Aquisição de energia elétrica - Abordagem baseada na escolha de compra;0,000;0,000;0,000
Alcoa Alumínio S.A. Poços de Caldas;Alcoa Poços de Caldas;23.637.697/0001-01;2023;Controle Operacional;Escopo 3;"Atividades relacionadas com
combustível e energia não inclusas
nos Escopos 1 e 2";12,776,329;0,000;0,000
Alcoa Alumínio S.A. Poços de Caldas;Alcoa Poços de Caldas;23.637.697/0001-01;2023;Controle Operacional;Escopo 3;Transporte e distribuição (upstream);6,606,753;788,914;0,000
Alcoa Alumínio S.A. Poços de Caldas;Alcoa Poços de Caldas;23.637.697/0001-01;2023;Controle Operacional;Escopo 3;Viagens a negócios;130,587;0,000;0,000
Alcoa Alumínio S.A. Poços de Caldas;Alcoa Poços de Caldas;23.637.697/0001-01;2023;Controle Operacional;Escopo 3;Emissões de funcionários (casa-trabalho);448,716;83,167;0,000
Alcoa Alumínio S.A. Poços de Caldas;Alcoa Poços de Caldas;23.637.697/0001-01;2023;Controle Operacional;Escopo 3;Transporte e distribuição (downstream);0,000;0,000;0,000
Alcoa Alumínio S.A. Poços de Caldas;Alcoa Poços de Caldas;23.637.697/0001-01;2023;Participação Societária;Escopo 1;Combustão móvel;2,687,949;283,798;0,000
Alcoa Alumínio S.A. Poços de Caldas;Alcoa Poços de Caldas;23.637.697/0001-01;2023;Participação Societária;Escopo 1;Combustão estacionária;40,066,995;0,000;0,000
Alcoa Alumínio S.A. Poços de Caldas;Alcoa Poços de Caldas;23.637.697/0001-01;2023;Participação Societária;Escopo 1;Resíduos sólidos e efluentes líquidos;240,625;0,000;0,000
Alcoa Alumínio S.A. Poços de Caldas;Alcoa Poços de Caldas;23.637.697/0001-01;2023;Participação Societária;Escopo 1;Fugitivas;318,890;0,000;0,000
Alcoa Alumínio S.A. Poços de Caldas;Alcoa Poços de Caldas;23.637.697/0001-01;2023;Participação Societária;Escopo 1;Mudanças no uso do solo;0,000;6,091,376;0,000
Alcoa Alumínio S.A. Poços de Caldas;Alcoa Poços de Caldas;23.637.697/0001-01;2023;Participação Societária;Escopo 2;Aquisição de energia elétrica - Abordagem baseada na localização;12,505,353;0,000;0,000
Alcoa Alumínio S.A. Poços de Caldas;Alcoa Poços de Caldas;23.637.697/0001-01;2023;Participação Societária;Escopo 2;Aquisição de energia elétrica - Abordagem baseada na escolha de compra;0,000;0,000;0,000
Alcoa Alumínio S.A. Poços de Caldas;Alcoa Poços de Caldas;23.637.697/0001-01;2023;Participação Societária;Escopo 3;"Atividades relacionadas com
combustível e energia não inclusas
nos Escopos 1 e 2";12,776,329;0,000;0,000
Alcoa Alumínio S.A. Poços de Caldas;Alcoa Poços de Caldas;23.637.697/0001-01;2023;Participação Societária;Escopo 3;Transporte e distribuição (upstream);6,606,753;788,914;0,000
Alcoa Alumínio S.A. Poços de Caldas;Alcoa Poços de Caldas;23.637.697/0001-01;2023;Participação Societária;Escopo 3;Viagens a negócios;130,587;0,000;0,000
Alcoa Alumínio S.A. Poços de Caldas;Alcoa Poços de Caldas;23.637.697/0001-01;2023;Participação Societária;Escopo 3;Emissões de funcionários (casa-trabalho);448,716;83,167;0,000
Alcoa Alumínio S.A. Poços de Caldas;Alcoa Poços de Caldas;23.637.697/0001-01;2023;Participação Societária;Escopo 3;Transporte e distribuição (downstream);0,000;0,000;0,000
Alcoa Alumínio S.A.;Alcoa;23.637.697/0135-13;2022;Controle Operacional;Escopo 1;Combustão móvel;49558,25;4,998,759.00;0.00
Alcoa Alumínio S.A.;Alcoa;23.637.697/0135-13;2022;Controle Operacional;Escopo 1;Combustão estacionária;2,153,741,115.00;3,977,299.00;0.00
Alcoa Alumínio S.A.;Alcoa;23.637.697/0135-13;2022;Controle Operacional;Escopo 1;Processos industriais;252,893,739.00;0.00;0.00
Alcoa Alumínio S.A.;Alcoa;23.637.697/0135-13;2022;Controle Operacional;Escopo 1;Resíduos sólidos e efluentes líquidos;297,45;29,522.00;0.00
Alcoa Alumínio S.A.;Alcoa;23.637.697/0135-13;2022;Controle Operacional;Escopo 1;Fugitivas;2161,43;0.00;0.00
Alcoa Alumínio S.A.;Alcoa;23.637.697/0135-13;2022;Controle Operacional;Escopo 1;Atividades agrícolas;58,55;0.00;0.00
Alcoa Alumínio S.A.;Alcoa;23.637.697/0135-13;2022;Controle Operacional;Escopo 1;Mudanças no uso do solo;367,823,123.00;477,382.00;11,526,331.00
Alcoa Alumínio S.A.;Alcoa;23.637.697/0135-13;2022;Controle Operacional;Escopo 2;Aquisição de energia elétrica - Abordagem baseada na localização;74,000,059.00;0.00;0.00
Alcoa Alumínio S.A.;Alcoa;23.637.697/0135-13;2022;Controle Operacional;Escopo 2;Aquisição de energia elétrica - Abordagem baseada na escolha de compra;54,905,963;0;0
Alcoa Alumínio S.A.;Alcoa;23.637.697/0135-13;2022;Participação Societária;Escopo 1;Combustão móvel;31185451.000;3132702.000;0.000
Alcoa Alumínio S.A.;Alcoa;23.637.697/0135-13;2022;Participação Societária;Escopo 1;Combustão estacionária;1259856662.000;2433274.000;0.000
Alcoa Alumínio S.A.;Alcoa;23.637.697/0135-13;2022;Participação Societária;Escopo 1;Processos industriais;144073563.000;0.000;0.000
Alcoa Alumínio S.A.;Alcoa;23.637.697/0135-13;2022;Participação Societária;Escopo 1;Resíduos sólidos e efluentes líquidos;278433.000;28896.000;0.000
Alcoa Alumínio S.A.;Alcoa;23.637.697/0135-13;2022;Participação Societária;Escopo 1;Fugitivas;1363,67;0.000;0.000
Alcoa Alumínio S.A.;Alcoa;23.637.697/0135-13;2022;Participação Societária;Escopo 1;Atividades agrícolas;58,55;0.000;0.000
Alcoa Alumínio S.A.;Alcoa;23.637.697/0135-13;2022;Participação Societária;Escopo 1;Mudanças no uso do solo;223483,22;477382.000;7022341.000
Alcoa Alumínio S.A.;Alcoa;23.637.697/0135-13;2022;Participação Societária;Escopo 2;Aquisição de energia elétrica - Abordagem baseada na localização;45651,83;0.00;0.00
Alcoa Alumínio S.A.;Alcoa;23.637.697/0135-13;2022;Participação Societária;Escopo 2;Aquisição de energia elétrica - Abordagem baseada na escolha de compra;31,410,675;0;0
Alcoa World Alumina Brasil Ltda.;Alcoa Juruti;06.167.730/0005-91;2022;Controle Operacional;Escopo 1;Combustão móvel;36,596,934;3,643,048;0
Alcoa World Alumina Brasil Ltda.;Alcoa Juruti;06.167.730/0005-91;2022;Controle Operacional;Escopo 1;Combustão estacionária;37236,89;3848,44;0
Alcoa World Alumina Brasil Ltda.;Alcoa Juruti;06.167.730/0005-91;2022;Controle Operacional;Escopo 1;Resíduos sólidos e efluentes líquidos;40,636;1,605;0
Alcoa World Alumina Brasil Ltda.;Alcoa Juruti;06.167.730/0005-91;2022;Controle Operacional;Escopo 1;Fugitivas;286,204;0;0
Alcoa World Alumina Brasil Ltda.;Alcoa Juruti;06.167.730/0005-91;2022;Controle Operacional;Escopo 1;Mudanças no uso do solo;319221,48;0;10,477,926
Alcoa World Alumina Brasil Ltda.;Alcoa Juruti;06.167.730/0005-91;2022;Controle Operacional;Escopo 2;Aquisição de energia elétrica - Abordagem baseada na localização;0;0;0
Alcoa World Alumina Brasil Ltda.;Alcoa Juruti;06.167.730/0005-91;2022;Controle Operacional;Escopo 2;Aquisição de energia elétrica - Abordagem baseada na escolha de compra;0;0;0
Alcoa World Alumina Brasil Ltda.;Alcoa Juruti;06.167.730/0005-91;2022;Participação Societária;Escopo 1;Combustão móvel;36,596,934;3,643,048;0
Alcoa World Alumina Brasil Ltda.;Alcoa Juruti;06.167.730/0005-91;2022;Participação Societária;Escopo 1;Combustão estacionária;37236,89;3848,44;0
Alcoa World Alumina Brasil Ltda.;Alcoa Juruti;06.167.730/0005-91;2022;Participação Societária;Escopo 1;Resíduos sólidos e efluentes líquidos;40,636;1,605;0
Alcoa World Alumina Brasil Ltda.;Alcoa Juruti;06.167.730/0005-91;2022;Participação Societária;Escopo 1;Fugitivas;286,204;0;0
Alcoa World Alumina Brasil Ltda.;Alcoa Juruti;06.167.730/0005-91;2022;Participação Societária;Escopo 1;Mudanças no uso do solo;319221,48;0;10,477,926
Alcoa World Alumina Brasil Ltda.;Alcoa Juruti;06.167.730/0005-91;2022;Participação Societária;Escopo 2;Aquisição de energia elétrica - Abordagem baseada na localização;0;0;0
Alcoa World Alumina Brasil Ltda.;Alcoa Juruti;06.167.730/0005-91;2022;Participação Societária;Escopo 2;Aquisição de energia elétrica - Abordagem baseada na escolha de compra;0;0;0
Consórcio de Alumínio do Maranhão;Consórcio Alumar;00.655.209/0001-93;2022;Controle Operacional;Escopo 1;Combustão móvel;9799,2;1,061,771.00;0.00
Consórcio de Alumínio do Maranhão;Consórcio Alumar;00.655.209/0001-93;2022;Controle Operacional;Escopo 1;Combustão estacionária;2,043,845,438.00;128,859.00;0.00
Consórcio de Alumínio do Maranhão;Consórcio Alumar;00.655.209/0001-93;2022;Controle Operacional;Escopo 1;Processos industriais;252,893,739.00;0.00;0.00
Consórcio de Alumínio do Maranhão;Consórcio Alumar;00.655.209/0001-93;2022;Controle Operacional;Escopo 1;Resíduos sólidos e efluentes líquidos;7,55;0.00;0.00
Consórcio de Alumínio do Maranhão;Consórcio Alumar;00.655.209/0001-93;2022;Controle Operacional;Escopo 1;Fugitivas;1,596,561.00;0.00;0.00
Consórcio de Alumínio do Maranhão;Consórcio Alumar;00.655.209/0001-93;2022;Controle Operacional;Escopo 1;Mudanças no uso do solo;48,489,455.00;0.00;1,048,405.00
Consórcio de Alumínio do Maranhão;Consórcio Alumar;00.655.209/0001-93;2022;Controle Operacional;Escopo 2;Aquisição de energia elétrica - Abordagem baseada na localização;65,876,377;0;0
Consórcio de Alumínio do Maranhão;Consórcio Alumar;00.655.209/0001-93;2022;Controle Operacional;Escopo 2;Aquisição de energia elétrica - Abordagem baseada na escolha de compra;54601,97;0;0
Consórcio de Alumínio do Maranhão;Consórcio Alumar;00.655.209/0001-93;2022;Participação Societária;Escopo 1;Combustão móvel;9799,2;1,061,771;0
Consórcio de Alumínio do Maranhão;Consórcio Alumar;00.655.209/0001-93;2022;Participação Societária;Escopo 1;Combustão estacionária;2,043,845,438;128,859;0
Consórcio de Alumínio do Maranhão;Consórcio Alumar;00.655.209/0001-93;2022;Participação Societária;Escopo 1;Processos industriais;252,893,739;0;0
Consórcio de Alumínio do Maranhão;Consórcio Alumar;00.655.209/0001-93;2022;Participação Societária;Escopo 1;Resíduos sólidos e efluentes líquidos;7,55;0;0
Consórcio de Alumínio do Maranhão;Consórcio Alumar;00.655.209/0001-93;2022;Participação Societária;Escopo 1;Fugitivas;1,596,561;0;0
Consórcio de Alumínio do Maranhão;Consórcio Alumar;00.655.209/0001-93;2022;Participação Societária;Escopo 1;Mudanças no uso do solo;48,489,455;0;1,048,405
Consórcio de Alumínio do Maranhão;Consórcio Alumar;00.655.209/0001-93;2022;Participação Societária;Escopo 2;Aquisição de energia elétrica - Abordagem baseada na localização;65,876,377.00;0.00;0.00
Consórcio de Alumínio do Maranhão;Consórcio Alumar;00.655.209/0001-93;2022;Participação Societária;Escopo 2;Aquisição de energia elétrica - Abordagem baseada na escolha de compra;54601,97;0.00;0.00
Companhia Geral de Minas;CGM;60.580.396/0001-15;2022;Controle Operacional;Escopo 1;Combustão móvel;616,584.00;63,107.00;0.00
Companhia Geral de Minas;CGM;60.580.396/0001-15;2022;Controle Operacional;Escopo 1;Atividades agrícolas;58,55;0.00;0.00
Companhia Geral de Minas;CGM;60.580.396/0001-15;2022;Controle Operacional;Escopo 1;Mudanças no uso do solo;0.00;477,382.00;520,584.00
Companhia Geral de Minas;CGM;60.580.396/0001-15;2022;Controle Operacional;Escopo 2;Aquisição de energia elétrica - Abordagem baseada na localização;0.00;0.00;0.00
Companhia Geral de Minas;CGM;60.580.396/0001-15;2022;Controle Operacional;Escopo 2;Aquisição de energia elétrica - Abordagem baseada na escolha de compra;0;0;0
Companhia Geral de Minas;CGM;60.580.396/0001-15;2022;Participação Societária;Escopo 1;Combustão móvel;616,584;63,107.00;0.00
Companhia Geral de Minas;CGM;60.580.396/0001-15;2022;Participação Societária;Escopo 1;Atividades agrícolas;58,55;0.00;0.00
Companhia Geral de Minas;CGM;60.580.396/0001-15;2022;Participação Societária;Escopo 1;Mudanças no uso do solo;0.00;477,382;0.00
Companhia Geral de Minas;CGM;60.580.396/0001-15;2022;Participação Societária;Escopo 2;Aquisição de energia elétrica - Abordagem baseada na localização;0.00;0.00;0.00
Companhia Geral de Minas;CGM;60.580.396/0001-15;2022;Participação Societária;Escopo 2;Aquisição de energia elétrica - Abordagem baseada na escolha de compra;0;0;0
Alcoa Alumínio S.A. São Paulo;Alcoa São Paulo;48.879.175/0001-47;2022;Controle Operacional;Escopo 2;Aquisição de energia elétrica - Abordagem baseada na localização;2,102;0;0
Alcoa Alumínio S.A. São Paulo;Alcoa São Paulo;48.879.175/0001-47;2022;Controle Operacional;Escopo 2;Aquisição de energia elétrica - Abordagem baseada na escolha de compra;2,102;0;0
Alcoa Alumínio S.A. São Paulo;Alcoa São Paulo;48.879.175/0001-47;2022;Participação Societária;Escopo 2;Aquisição de energia elétrica - Abordagem baseada na localização;2,102;0;0
Alcoa Alumínio S.A. São Paulo;Alcoa São Paulo;48.879.175/0001-47;2022;Participação Societária;Escopo 2;Aquisição de energia elétrica - Abordagem baseada na escolha de compra;2,102;0;0
Alcoa Alumínio S.A. Poços de Caldas;Alcoa Poços de Caldas;23.637.697/0001-01;2022;Controle Operacional;Escopo 1;Combustão móvel;2,545,532;230,833.00;0.00
Alcoa Alumínio S.A. Poços de Caldas;Alcoa Poços de Caldas;23.637.697/0001-01;2022;Controle Operacional;Escopo 1;Combustão estacionária;72,658,787;0.00;0.00
Alcoa Alumínio S.A. Poços de Caldas;Alcoa Poços de Caldas;23.637.697/0001-01;2022;Controle Operacional;Escopo 1;Resíduos sólidos e efluentes líquidos;249,264;27,917.00;0.00
Alcoa Alumínio S.A. Poços de Caldas;Alcoa Poços de Caldas;23.637.697/0001-01;2022;Controle Operacional;Escopo 1;Fugitivas;278,665;0.00;0.00
Alcoa Alumínio S.A. Poços de Caldas;Alcoa Poços de Caldas;23.637.697/0001-01;2022;Controle Operacional;Escopo 1;Mudanças no uso do solo;112,188;477,382;0.00
Alcoa Alumínio S.A. Poços de Caldas;Alcoa Poços de Caldas;23.637.697/0001-01;2022;Controle Operacional;Escopo 2;Aquisição de energia elétrica - Abordagem baseada na localização;8121,58;0;0
Alcoa Alumínio S.A. Poços de Caldas;Alcoa Poços de Caldas;23.637.697/0001-01;2022;Controle Operacional;Escopo 2;Aquisição de energia elétrica - Abordagem baseada na escolha de compra;301,891;0;0
Alcoa Alumínio S.A. Poços de Caldas;Alcoa Poços de Caldas;23.637.697/0001-01;2022;Participação Societária;Escopo 1;Combustão móvel;2,545,532;230,833.00;0.00
Alcoa Alumínio S.A. Poços de Caldas;Alcoa Poços de Caldas;23.637.697/0001-01;2022;Participação Societária;Escopo 1;Combustão estacionária;72,658,787;0.00;0.00
Alcoa Alumínio S.A. Poços de Caldas;Alcoa Poços de Caldas;23.637.697/0001-01;2022;Participação Societária;Escopo 1;Resíduos sólidos e efluentes líquidos;249,264;27,917.00;0.00
Alcoa Alumínio S.A. Poços de Caldas;Alcoa Poços de Caldas;23.637.697/0001-01;2022;Participação Societária;Escopo 1;Fugitivas;278,665;0.00;0.00
Alcoa Alumínio S.A. Poços de Caldas;Alcoa Poços de Caldas;23.637.697/0001-01;2022;Participação Societária;Escopo 1;Mudanças no uso do solo;112,188;477,382;0.00
Alcoa Alumínio S.A. Poços de Caldas;Alcoa Poços de Caldas;23.637.697/0001-01;2022;Participação Societária;Escopo 2;Aquisição de energia elétrica - Abordagem baseada na localização;8121,58;0;0
Alcoa Alumínio S.A. Poços de Caldas;Alcoa Poços de Caldas;23.637.697/0001-01;2022;Participação Societária;Escopo 2;Aquisição de energia elétrica - Abordagem baseada na escolha de compra;301,891;0;0
Alcoa Alumínio S.A.;Alcoa;23.637.697/0135-13;2021;Controle Operacional;Escopo 1;Combustão móvel;61,066,401.00;7,005,412.00;0.00
Alcoa Alumínio S.A.;Alcoa;23.637.697/0135-13;2021;Controle Operacional;Escopo 1;Combustão estacionária;2182628,77;4,517,127.00;0.00
Alcoa Alumínio S.A.;Alcoa;23.637.697/0135-13;2021;Controle Operacional;Escopo 1;Resíduos sólidos e efluentes líquidos;297,573.00;29,522.00;0.00
Alcoa Alumínio S.A.;Alcoa;23.637.697/0135-13;2021;Controle Operacional;Escopo 1;Fugitivas;1,489,021.00;0.00;0.00
Alcoa Alumínio S.A.;Alcoa;23.637.697/0135-13;2021;Controle Operacional;Escopo 1;Mudanças no uso do solo;147,331,442.00;0.00;93,111,301
Alcoa Alumínio S.A.;Alcoa;23.637.697/0135-13;2021;Controle Operacional;Escopo 2;Aquisição de energia elétrica - Abordagem baseada na localização;62533031.000;0.00;0.00
Alcoa Alumínio S.A.;Alcoa;23.637.697/0135-13;2021;Controle Operacional;Escopo 2;Aquisição de energia elétrica - Abordagem baseada na escolha de compra;0.000;0;0
Alcoa Alumínio S.A.;Alcoa;23.637.697/0135-13;2021;Participação Societária;Escopo 1;Combustão móvel;37715861.000;4311013.000;0.000
Alcoa Alumínio S.A.;Alcoa;23.637.697/0135-13;2021;Participação Societária;Escopo 1;Combustão estacionária;1283452886.000;2763362.000;0.000
Alcoa Alumínio S.A.;Alcoa;23.637.697/0135-13;2021;Participação Societária;Escopo 1;Resíduos sólidos e efluentes líquidos;285195.000;0.000;0.000
Alcoa Alumínio S.A.;Alcoa;23.637.697/0135-13;2021;Participação Societária;Escopo 1;Fugitivas;1076058.000;0.000;0.000
Alcoa Alumínio S.A.;Alcoa;23.637.697/0135-13;2021;Participação Societária;Escopo 1;Mudanças no uso do solo;88160162.000;0.000;56708269.000
Alcoa Alumínio S.A.;Alcoa;23.637.697/0135-13;2021;Participação Societária;Escopo 2;Aquisição de energia elétrica - Abordagem baseada na localização;42,329,751.00;0.00;0.00
Alcoa Alumínio S.A.;Alcoa;23.637.697/0135-13;2021;Participação Societária;Escopo 2;Aquisição de energia elétrica - Abordagem baseada na escolha de compra;0.00;0.00;0.00
Alcoa World Alumina Brasil Ltda.;Alcoa Juruti;06.167.730/0005-91;2021;Participação Societária;Escopo 1;Combustão móvel;53,939,065.000;6192,78;0.000
Alcoa World Alumina Brasil Ltda.;Alcoa Juruti;06.167.730/0005-91;2021;Controle Operacional;Escopo 1;Combustão estacionária;37,348,767.000;4,366,785.000;0.000
Alcoa World Alumina Brasil Ltda.;Alcoa Juruti;06.167.730/0005-91;2021;Controle Operacional;Escopo 1;Resíduos sólidos e efluentes líquidos;31,864.000;0.000;0.000
Alcoa World Alumina Brasil Ltda.;Alcoa Juruti;06.167.730/0005-91;2021;Controle Operacional;Escopo 1;Fugitivas;487,289.000;0.000;0.000
Alcoa World Alumina Brasil Ltda.;Alcoa Juruti;06.167.730/0005-91;2021;Controle Operacional;Escopo 1;Mudanças no uso do solo;487,289.000;0.000;0.000
Alcoa World Alumina Brasil Ltda.;Alcoa Juruti;06.167.730/0005-91;2021;Controle Operacional;Escopo 2;Aquisição de energia elétrica - Abordagem baseada na localização;0;0;0
Alcoa World Alumina Brasil Ltda.;Alcoa Juruti;06.167.730/0005-91;2021;Controle Operacional;Escopo 2;Aquisição de energia elétrica - Abordagem baseada na escolha de compra;0;0;0
Alcoa World Alumina Brasil Ltda.;Alcoa Juruti;06.167.730/0005-91;2021;Participação Societária;Escopo 1;Combustão móvel;53,939,065.000;6192,78;0.000
Alcoa World Alumina Brasil Ltda.;Alcoa Juruti;06.167.730/0005-91;2021;Participação Societária;Escopo 1;Combustão estacionária;37,348,767.000;4,366,785.000;0.000
Alcoa World Alumina Brasil Ltda.;Alcoa Juruti;06.167.730/0005-91;2021;Participação Societária;Escopo 1;Resíduos sólidos e efluentes líquidos;31,864.000;0.000;0.000
Alcoa World Alumina Brasil Ltda.;Alcoa Juruti;06.167.730/0005-91;2021;Participação Societária;Escopo 1;Fugitivas;487,289.000;0.000;0.000
Alcoa World Alumina Brasil Ltda.;Alcoa Juruti;06.167.730/0005-91;2021;Participação Societária;Escopo 1;Mudanças no uso do solo;97136,54;0.000;84201,4
Alcoa World Alumina Brasil Ltda.;Alcoa Juruti;06.167.730/0005-91;2021;Participação Societária;Escopo 2;Aquisição de energia elétrica - Abordagem baseada na localização;0;0;0
Alcoa World Alumina Brasil Ltda.;Alcoa Juruti;06.167.730/0005-91;2021;Participação Societária;Escopo 2;Aquisição de energia elétrica - Abordagem baseada na escolha de compra;0;0;0
Consórcio de Alumínio do Maranhão;Consórcio Alumar;00.655.209/0001-93;2021;Controle Operacional;Escopo 1;Combustão móvel;5,779,067.00;694,907.00;0.00
Consórcio de Alumínio do Maranhão;Consórcio Alumar;00.655.209/0001-93;2021;Controle Operacional;Escopo 1;Combustão estacionária;2,056,034,237.00;150,342.00;0.00
Consórcio de Alumínio do Maranhão;Consórcio Alumar;00.655.209/0001-93;2021;Controle Operacional;Escopo 1;Fugitivas;521,459.00;0.00;0.00
Consórcio de Alumínio do Maranhão;Consórcio Alumar;00.655.209/0001-93;2021;Controle Operacional;Escopo 1;Mudanças no uso do solo;50,194,902.00;0.00;8,909,901.00
Consórcio de Alumínio do Maranhão;Consórcio Alumar;00.655.209/0001-93;2021;Controle Operacional;Escopo 2;Aquisição de energia elétrica - Abordagem baseada na localização;46,944,371;0;0
Consórcio de Alumínio do Maranhão;Consórcio Alumar;00.655.209/0001-93;2021;Controle Operacional;Escopo 2;Aquisição de energia elétrica - Abordagem baseada na escolha de compra;0;0;0
Consórcio de Alumínio do Maranhão;Consórcio Alumar;00.655.209/0001-93;2021;Participação Societária;Escopo 1;Combustão móvel;5,779,067.00;694,907.00;0.00
Consórcio de Alumínio do Maranhão;Consórcio Alumar;00.655.209/0001-93;2021;Participação Societária;Escopo 1;Combustão estacionária;2,056,034,237.00;150,342.00;0.00
Consórcio de Alumínio do Maranhão;Consórcio Alumar;00.655.209/0001-93;2021;Participação Societária;Escopo 1;Fugitivas;521,459.00;0.00;0.00
Consórcio de Alumínio do Maranhão;Consórcio Alumar;00.655.209/0001-93;2021;Participação Societária;Escopo 1;Mudanças no uso do solo;50,194,902.00;0.00;8,909,901.00
Consórcio de Alumínio do Maranhão;Consórcio Alumar;00.655.209/0001-93;2021;Participação Societária;Escopo 2;Aquisição de energia elétrica - Abordagem baseada na localização;46,944,371.00;0.00;0.00
Consórcio de Alumínio do Maranhão;Consórcio Alumar;00.655.209/0001-93;2021;Participação Societária;Escopo 2;Aquisição de energia elétrica - Abordagem baseada na escolha de compra;0.00;0.00;0.00
Companhia Geral de Minas;CGM;60.580.396/0001-15;2021;Controle Operacional;Escopo 1;Combustão móvel;462,986.00;53,739.00;0.00
Companhia Geral de Minas;CGM;60.580.396/0001-15;2021;Controle Operacional;Escopo 2;Aquisição de energia elétrica - Abordagem baseada na localização;0;0;0
Companhia Geral de Minas;CGM;60.580.396/0001-15;2021;Controle Operacional;Escopo 2;Aquisição de energia elétrica - Abordagem baseada na escolha de compra;0;0;0
Companhia Geral de Minas;CGM;60.580.396/0001-15;2021;Participação Societária;Escopo 1;Combustão móvel;462,986.00;53,739.00;0.00
Companhia Geral de Minas;CGM;60.580.396/0001-15;2021;Participação Societária;Escopo 2;Aquisição de energia elétrica - Abordagem baseada na localização;0;0;0
Companhia Geral de Minas;CGM;60.580.396/0001-15;2021;Participação Societária;Escopo 2;Aquisição de energia elétrica - Abordagem baseada na escolha de compra;0;0;0
Alcoa Alumínio S.A. São Paulo ;Alcoa São Paulo;48.879.175/0001-47;2021;Controle Operacional;Escopo 2;Aquisição de energia elétrica - Abordagem baseada na localização;5,035;0;0
Alcoa Alumínio S.A. São Paulo ;Alcoa São Paulo;48.879.175/0001-47;2021;Controle Operacional;Escopo 2;Aquisição de energia elétrica - Abordagem baseada na escolha de compra;0;0;0
Alcoa Alumínio S.A. São Paulo ;Alcoa São Paulo;48.879.175/0001-47;2021;Participação Societária;Escopo 2;Aquisição de energia elétrica - Abordagem baseada na localização;5,035;0;0
Alcoa Alumínio S.A. São Paulo ;Alcoa São Paulo;48.879.175/0001-47;2021;Participação Societária;Escopo 2;Aquisição de energia elétrica - Abordagem baseada na escolha de compra;0;0;0
Alcoa Alumínio S.A. Poços de Caldas;Alcoa Poços de Caldas;23.637.697/0001-01;2021;Controle Operacional;Escopo 1;Combustão móvel;885,283;63,986.00;0.00
Alcoa Alumínio S.A. Poços de Caldas;Alcoa Poços de Caldas;23.637.697/0001-01;2021;Controle Operacional;Escopo 1;Combustão estacionária;89,245,766;0.00;0.00
Alcoa Alumínio S.A. Poços de Caldas;Alcoa Poços de Caldas;23.637.697/0001-01;2021;Controle Operacional;Escopo 1;Resíduos sólidos e efluentes líquidos;265,709;0.00;0.00
Alcoa Alumínio S.A. Poços de Caldas;Alcoa Poços de Caldas;23.637.697/0001-01;2021;Controle Operacional;Escopo 1;Fugitivas;480,273;0.00;0.00
Alcoa Alumínio S.A. Poços de Caldas;Alcoa Poços de Caldas;23.637.697/0001-01;2021;Controle Operacional;Escopo 1;Mudanças no uso do solo;112,188;477,382;0.00
Alcoa Alumínio S.A. Poços de Caldas;Alcoa Poços de Caldas;23.637.697/0001-01;2021;Controle Operacional;Escopo 2;Aquisição de energia elétrica - Abordagem baseada na localização;15,583,625;0;0
Alcoa Alumínio S.A. Poços de Caldas;Alcoa Poços de Caldas;23.637.697/0001-01;2021;Controle Operacional;Escopo 2;Aquisição de energia elétrica - Abordagem baseada na escolha de compra;301,891;0;0
Alcoa Alumínio S.A. Poços de Caldas;Alcoa Poços de Caldas;23.637.697/0001-01;2021;Participação Societária;Escopo 1;Combustão móvel;885,283;63,986.00;0.00
Alcoa Alumínio S.A. Poços de Caldas;Alcoa Poços de Caldas;23.637.697/0001-01;2021;Participação Societária;Escopo 1;Combustão estacionária;89,245,766;0.00;0.00
Alcoa Alumínio S.A. Poços de Caldas;Alcoa Poços de Caldas;23.637.697/0001-01;2021;Participação Societária;Escopo 1;Resíduos sólidos e efluentes líquidos;265,709;0.00;0.00
Alcoa Alumínio S.A. Poços de Caldas;Alcoa Poços de Caldas;23.637.697/0001-01;2021;Participação Societária;Escopo 1;Fugitivas;480,273;0.00;0.00
Alcoa Alumínio S.A. Poços de Caldas;Alcoa Poços de Caldas;23.637.697/0001-01;2021;Participação Societária;Escopo 2;Aquisição de energia elétrica - Abordagem baseada na localização;15,583,625;0;0
Alcoa Alumínio S.A. Poços de Caldas;Alcoa Poços de Caldas;23.637.697/0001-01;2021;Participação Societária;Escopo 2;Aquisição de energia elétrica - Abordagem baseada na escolha de compra;0;0;0
Alcoa Alumínio S.A.;Alcoa;23.637.697/0135-13;2020;Controle Operacional;Escopo 1;Combustão móvel;63,673,169;7,411,246;0,000
Alcoa Alumínio S.A.;Alcoa;23.637.697/0135-13;2020;Controle Operacional;Escopo 1;Combustão estacionária;2,247,420,551;4,566,516;0
Alcoa Alumínio S.A.;Alcoa;23.637.697/0135-13;2020;Controle Operacional;Escopo 1;Resíduos sólidos e efluentes líquidos;138,332;0;0
Alcoa Alumínio S.A.;Alcoa;23.637.697/0135-13;2020;Controle Operacional;Escopo 1;Fugitivas;1,523,770;0;0
Alcoa Alumínio S.A.;Alcoa;23.637.697/0135-13;2020;Controle Operacional;Escopo 1;Atividades agrícolas;0;0;0
Alcoa Alumínio S.A.;Alcoa;23.637.697/0135-13;2020;Controle Operacional;Escopo 1;Mudanças no uso do solo;438,737,451;0;133,409,039
Alcoa Alumínio S.A.;Alcoa;23.637.697/0135-13;2020;Controle Operacional;Escopo 2;Aquisição de energia elétrica - Abordagem baseada na localização;30,586,734;0;0
Alcoa Alumínio S.A.;Alcoa;23.637.697/0135-13;2020;Participação Societária;Escopo 1;Combustão móvel;39,692,910;4,476,813;0
Alcoa Alumínio S.A.;Alcoa;23.637.697/0135-13;2020;Participação Societária;Escopo 1;Combustão estacionária;800,223,277;2,319,762;0
Alcoa Alumínio S.A.;Alcoa;23.637.697/0135-13;2020;Participação Societária;Escopo 1;Resíduos sólidos e efluentes líquidos;424,691;0,567;0
Alcoa Alumínio S.A.;Alcoa;23.637.697/0135-13;2020;Participação Societária;Escopo 1;Fugitivas;1,075,122;0;0
Alcoa Alumínio S.A.;Alcoa;23.637.697/0135-13;2020;Participação Societária;Escopo 1;Atividades agrícolas;6,745;0;0
Alcoa Alumínio S.A.;Alcoa;23.637.697/0135-13;2020;Participação Societária;Escopo 1;Mudanças no uso do solo;239,692,119;0;72,673,151
Alcoa Alumínio S.A.;Alcoa;23.637.697/0135-13;2020;Participação Societária;Escopo 2;Aquisição de energia elétrica - Abordagem baseada na localização;15,013,470;0;0
Mineração Rio do Norte S.A.;MRN;04.932.216/0001-46;2020;Controle Operacional;Escopo 1;Combustão móvel;99,064,014;10,428,672;0
Mineração Rio do Norte S.A.;MRN;04.932.216/0001-46;2020;Controle Operacional;Escopo 1;Combustão estacionária;175,584,891;2,401,207;0
Mineração Rio do Norte S.A.;MRN;04.932.216/0001-46;2020;Controle Operacional;Escopo 1;Resíduos sólidos e efluentes líquidos;2,837,731;5,306;0
Mineração Rio do Norte S.A.;MRN;04.932.216/0001-46;2020;Controle Operacional;Escopo 1;Fugitivas;4,014,605;0;0
Mineração Rio do Norte S.A.;MRN;04.932.216/0001-46;2020;Controle Operacional;Escopo 1;Atividades agrícolas;63,095;0;0
Mineração Rio do Norte S.A.;MRN;04.932.216/0001-46;2020;Controle Operacional;Escopo 1;Mudanças no uso do solo;366,595,925;0;109,496,915
Mineração Rio do Norte S.A.;MRN;04.932.216/0001-46;2020;Controle Operacional;Escopo 2;Aquisição de energia elétrica - Abordagem baseada na localização;0,231;0;0
Alcoa World Alumina Brasil Ltda.;Alcoa Juruti;06.167.730/0005-91;2020;Controle Operacional;Escopo 1;Combustão móvel;57,690,531;6,720,432;0
Alcoa World Alumina Brasil Ltda.;Alcoa Juruti;06.167.730/0005-91;2020;Controle Operacional;Escopo 1;Combustão estacionária;36,918,560;4,388,357;0
Alcoa World Alumina Brasil Ltda.;Alcoa Juruti;06.167.730/0005-91;2020;Controle Operacional;Escopo 1;Resíduos sólidos e efluentes líquidos;31,825;0;0
Alcoa World Alumina Brasil Ltda.;Alcoa Juruti;06.167.730/0005-91;2020;Controle Operacional;Escopo 1;Mudanças no uso do solo;438,737,451;0;133,409,039
Alcoa World Alumina Brasil Ltda.;Alcoa Juruti;06.167.730/0005-91;2020;Participação Societária;Escopo 1;Combustão móvel;57,690,531;6,720,432;0
Alcoa World Alumina Brasil Ltda.;Alcoa Juruti;06.167.730/0005-91;2020;Participação Societária;Escopo 1;Combustão estacionária;36,918,560;4,388,357;0
Alcoa World Alumina Brasil Ltda.;Alcoa Juruti;06.167.730/0005-91;2020;Participação Societária;Escopo 1;Resíduos sólidos e efluentes líquidos;31,825;0;0
Alcoa World Alumina Brasil Ltda.;Alcoa Juruti;06.167.730/0005-91;2020;Participação Societária;Escopo 1;Mudanças no uso do solo;438,737,451;0;133,409,039
Consórcio de Alumínio do Maranhão;Consórcio Alumar;00.655.209/0001-93;2020;Controle Operacional;Escopo 1;Combustão móvel;4,803,324;592,865;0
Consórcio de Alumínio do Maranhão;Consórcio Alumar;00.655.209/0001-93;2020;Controle Operacional;Escopo 1;Combustão estacionária;2,135,776,867;178,159;0
Consórcio de Alumínio do Maranhão;Consórcio Alumar;00.655.209/0001-93;2020;Controle Operacional;Escopo 1;Fugitivas;1,297,737;0;0
Consórcio de Alumínio do Maranhão;Consórcio Alumar;00.655.209/0001-93;2020;Controle Operacional;Escopo 2;Aquisição de energia elétrica - Abordagem baseada na localização;23,003,537;0;0
Consórcio de Alumínio do Maranhão;Consórcio Alumar;00.655.209/0001-93;2020;Participação Societária;Escopo 1;Combustão móvel;4,803,324;592,865;0
Consórcio de Alumínio do Maranhão;Consórcio Alumar;00.655.209/0001-93;2020;Participação Societária;Escopo 2;Combustão estacionária;2,135,776,867;178,159;0
Consórcio de Alumínio do Maranhão;Consórcio Alumar;00.655.209/0001-93;2020;Participação Societária;Escopo 3;Fugitivas;1,297,737;0;0
Consórcio de Alumínio do Maranhão;Consórcio Alumar;00.655.209/0001-93;2020;Participação Societária;Escopo 2;Aquisição de energia elétrica - Abordagem baseada na localização;23,003,537;0;0
Baesa - Energética Barra Grande S.A.;Baesa;04.781.143/0001-39;2020;Controle Operacional;Escopo 1;Combustão móvel;18,104;3,106;0
Baesa - Energética Barra Grande S.A.;Baesa;04.781.143/0001-39;2020;Controle Operacional;Escopo 1;Combustão estacionária; 0,992;0,114;0
Baesa - Energética Barra Grande S.A.;Baesa;04.781.143/0001-39;2020;Controle Operacional;Escopo 1;Resíduos sólidos e efluentes líquidos;0,679;0;0
Baesa - Energética Barra Grande S.A.;Baesa;04.781.143/0001-39;2020;Controle Operacional;Escopo 1;Fugitivas;1,799;0;0
Baesa - Energética Barra Grande S.A.;Baesa;04.781.143/0001-39;2020;Controle Operacional;Escopo 2;Aquisição de energia elétrica - Abordagem baseada na localização;0,250;0;0
Companhia Geral de Minas;CGM;60.580.396/0001-15;2020;Controle Operacional;Escopo 1;Combustão móvel;297,083;35,158;0
Companhia Geral de Minas;CGM;60.580.396/0001-15;2020;Controle Operacional;Escopo 1;Combustão móvel;297,083;35,158;0
Alcoa Alumínio S.A. São Paulo;Alcoa São Paulo;48.879.175/0001-47;2020;Controle Operacional;Escopo 2;Aquisição de energia elétrica - Abordagem baseada na localização;2,220;0;0
Alcoa Alumínio S.A. São Paulo;Alcoa São Paulo;48.879.175/0001-47;2020;Participação Societária;Escopo 2;Aquisição de energia elétrica - Abordagem baseada na localização;2,220;0;0
Alcoa Alumínio S.A. Poços de Caldas;Alcoa Poços de Caldas;23.637.697/0001-01;2020;Controle Operacional;Escopo 1;Combustão móvel;882,231;62,791;0
Alcoa Alumínio S.A. Poços de Caldas;Alcoa Poços de Caldas;23.637.697/0001-01;2020;Controle Operacional;Escopo 1;Combustão estacionária;74,725,124;0;0
Alcoa Alumínio S.A. Poços de Caldas;Alcoa Poços de Caldas;23.637.697/0001-01;2020;Controle Operacional;Escopo 1;Resíduos sólidos e efluentes líquidos;106,507;0;0
Alcoa Alumínio S.A. Poços de Caldas;Alcoa Poços de Caldas;23.637.697/0001-01;2020;Controle Operacional;Escopo 1;Fugitivas;226,033;0;0
Alcoa Alumínio S.A. Poços de Caldas;Alcoa Poços de Caldas;23.637.697/0001-01;2020;Controle Operacional;Escopo 2;Aquisição de energia elétrica - Abordagem baseada na localização;7,580,977;0;0
Alcoa Alumínio S.A. Poços de Caldas;Alcoa Poços de Caldas;23.637.697/0001-01;2020;Participação Societária;Escopo 1;Combustão móvel;882,231;62,791;0
Alcoa Alumínio S.A. Poços de Caldas;Alcoa Poços de Caldas;23.637.697/0001-01;2020;Participação Societária;Escopo 1;Combustão estacionária;74,725,124;0;0
Alcoa Alumínio S.A. Poços de Caldas;Alcoa Poços de Caldas;23.637.697/0001-01;2020;Participação Societária;Escopo 1;Resíduos sólidos e efluentes líquidos;106,507;0;0
Alcoa Alumínio S.A. Poços de Caldas;Alcoa Poços de Caldas;23.637.697/0001-01;2020;Participação Societária;Escopo 1;Fugitivas;226,033;0;0
Alcoa Alumínio S.A. Poços de Caldas;Alcoa Poços de Caldas;23.637.697/0001-01;2020;Participação Societária;Escopo 2;Aquisição de energia elétrica - Abordagem baseada na localização;7,580,977;0;0
Alcoa Alumínio S.A.;Alcoa;23.637.697/0135-13;2019;Controle Operacional;Escopo 1;Combustão móvel;54,672,331;5,796,863;0
Alcoa Alumínio S.A.;Alcoa;23.637.697/0135-13;2019;Controle Operacional;Escopo 1;Combustão estacionária;2,172,289,948;4,324,762;0
Alcoa Alumínio S.A.;Alcoa;23.637.697/0135-13;2019;Controle Operacional;Escopo 1;Resíduos sólidos e efluentes líquidos;971,308;0;0
Alcoa Alumínio S.A.;Alcoa;23.637.697/0135-13;2019;Controle Operacional;Escopo 1;Fugitivas;4,851,368;0;0
Alcoa Alumínio S.A.;Alcoa;23.637.697/0135-13;2019;Controle Operacional;Escopo 1;Atividades agrícolas;0;0;0
Alcoa Alumínio S.A.;Alcoa;23.637.697/0135-13;2019;Controle Operacional;Escopo 1;Mudanças no uso do solo;399,852,100;0;88,529,500
Alcoa Alumínio S.A.;Alcoa;23.637.697/0135-13;2019;Controle Operacional;Escopo 2;Aquisição de energia elétrica - Abordagem baseada na localização;38,217,878;0;0
Alcoa Alumínio S.A.;Alcoa;23.637.697/0135-13;2019;Participação Societária;Escopo 1;Combustão móvel;34,635,885;3,547,458;0
Alcoa Alumínio S.A.;Alcoa;23.637.697/0135-13;2019;Participação Societária;Escopo 1;Combustão estacionária;794,598,983;2,240,032;0
Alcoa Alumínio S.A.;Alcoa;23.637.697/0135-13;2019;Participação Societária;Escopo 1;Resíduos sólidos e efluentes líquidos;811,310;0,500;0
Alcoa Alumínio S.A.;Alcoa;23.637.697/0135-13;2019;Participação Societária;Escopo 1;Fugitivas;2,591,310;0;0
Alcoa Alumínio S.A.;Alcoa;23.637.697/0135-13;2019;Participação Societária;Escopo 1;Atividades agrícolas;3,590;0;0
Alcoa Alumínio S.A.;Alcoa;23.637.697/0135-13;2019;Participação Societária;Escopo 1;Mudanças no uso do solo;209,584,681;0;51,240,032
Alcoa Alumínio S.A.;Alcoa;23.637.697/0135-13;2019;Participação Societária;Escopo 2;Aquisição de energia elétrica - Abordagem baseada na localização;16,779,635;0;0
Baesa - Energética Barra Grande S.A.;Baesa;04.781.143/0001-39;2019;Controle Operacional;Escopo 1;Combustão móvel;23,906;4,457;0
Baesa - Energética Barra Grande S.A.;Baesa;04.781.143/0001-39;2019;Controle Operacional;Escopo 1;Combustão estacionária;9,154;0,989;0
Baesa - Energética Barra Grande S.A.;Baesa;04.781.143/0001-39;2019;Controle Operacional;Escopo 1;Resíduos sólidos e efluentes líquidos;0,762;0;0
Baesa - Energética Barra Grande S.A.;Baesa;04.781.143/0001-39;2019;Controle Operacional;Escopo 1;Fugitivas;0,034;0;0
Baesa - Energética Barra Grande S.A.;Baesa;04.781.143/0001-39;2019;;;;0,034;0;0
Alcoa World Alumina Brasil Ltda.;Alcoa Juruti;06.167.730/0005-91;2019;Controle Operacional;Escopo 1;Combustão móvel;48,501,849;5,154,498;0
Alcoa World Alumina Brasil Ltda.;Alcoa Juruti;06.167.730/0005-91;2019;Controle Operacional;Escopo 1;Combustão estacionária;37,438,519;4,012,416;0
Alcoa World Alumina Brasil Ltda.;Alcoa Juruti;06.167.730/0005-91;2019;Controle Operacional;Escopo 1;Resíduos sólidos e efluentes líquidos;33,700;0;0
Alcoa World Alumina Brasil Ltda.;Alcoa Juruti;06.167.730/0005-91;2019;Controle Operacional;Escopo 1;Fugitivas;3,062,583;0;0
Alcoa World Alumina Brasil Ltda.;Alcoa Juruti;06.167.730/0005-91;2019;Controle Operacional;Escopo 1;Mudanças no uso do solo;399,852,100;0;88,529,500
Consórcio de Alumínio do Maranhão;Consórcio Alumar;00.655.209/0001-93;2019;Controle Operacional;Escopo 1;Combustão móvel;4,368,331;484,642;0
Consórcio de Alumínio do Maranhão;Consórcio Alumar;00.655.209/0001-93;2019;Controle Operacional;Escopo 1;Combustão estacionária;2,036,118,863;312,346;0
Consórcio de Alumínio do Maranhão;Consórcio Alumar;00.655.209/0001-93;2019;Controle Operacional;Escopo 1;Resíduos sólidos e efluentes líquidos;670,200;0;0
Consórcio de Alumínio do Maranhão;Consórcio Alumar;00.655.209/0001-93;2019;Controle Operacional;Escopo 1;Fugitivas;1,318,626;0;0
Consórcio de Alumínio do Maranhão;Consórcio Alumar;00.655.209/0001-93;2019;Controle Operacional;Escopo 2;Aquisição de energia elétrica - Abordagem baseada na localização;31,666,844;0;0
Consórcio de Alumínio do Maranhão;Consórcio Alumar;00.655.209/0001-93;2019;Participação Societária;Escopo 1;Combustão móvel;4,368,331;484,642;0
Consórcio de Alumínio do Maranhão;Consórcio Alumar;00.655.209/0001-93;2019;Participação Societária;Escopo 1;Combustão estacionária;2,036,118,863;312,346;0
Consórcio de Alumínio do Maranhão;Consórcio Alumar;00.655.209/0001-93;2019;Participação Societária;Escopo 1;Resíduos sólidos e efluentes líquidos;670,200;0;0
Consórcio de Alumínio do Maranhão;Consórcio Alumar;00.655.209/0001-93;2019;Participação Societária;Escopo 1;Fugitivas;1,318,626;0;0
Consórcio de Alumínio do Maranhão;Consórcio Alumar;00.655.209/0001-93;2019;Participação Societária;Escopo 2;Aquisição de energia elétrica - Abordagem baseada na localização;31,666,844;0;0
Companhia Geral de Minas;CGM;60.580.396/0001-15;2019;Controle Operacional;Escopo 1;Combustão móvel;343,838;36,524;0
Alcoa Alumínio S.A. São Paulo;Alcoa São Paulo;48.879.175/0001-47;2019;Controle Operacional;Escopo 2;Aquisição de energia elétrica - Abordagem baseada na localização;3,640;0;0
Alcoa Alumínio S.A. São Paulo;Alcoa São Paulo;48.879.175/0001-47;2019;Participação Societária;Escopo 2;Aquisição de energia elétrica - Abordagem baseada na localização;3,640;0;0
Mineração Rio do Norte S.A.;MRN;04.932.216/0001-46;2019;Controle Operacional;Escopo 1;Combustão móvel;86,504,852;8,191,899;0
Mineração Rio do Norte S.A.;MRN;04.932.216/0001-46;2019;Controle Operacional;Escopo 1;Combustão estacionária;197,256,873;2,853,632;0
Mineração Rio do Norte S.A.;MRN;04.932.216/0001-46;2019;Controle Operacional;Escopo 1;Resíduos sólidos e efluentes líquidos;2,915,853;4,678;0
Mineração Rio do Norte S.A.;MRN;04.932.216/0001-46;2019;Controle Operacional;Escopo 1;Fugitivas;2,765,385;0;0
Mineração Rio do Norte S.A.;MRN;04.932.216/0001-46;2019;Controle Operacional;Escopo 1;Atividades agrícolas;33,585;0;0
Mineração Rio do Norte S.A.;MRN;04.932.216/0001-46;2019;Controle Operacional;Escopo 1;Mudanças no uso do solo;251,190,564;0;100,861,093
Mineração Rio do Norte S.A.;MRN;04.932.216/0001-46;2019;Controle Operacional;Escopo 2;Aquisição de energia elétrica - Abordagem baseada na localização;0,726;0;0
Mineração Rio do Norte S.A.;MRN;04.932.216/0001-46;2019;Participação Societária;Escopo 1;Combustão móvel;86,504,852;8,191,899;0
Mineração Rio do Norte S.A.;MRN;04.932.216/0001-46;2019;Participação Societária;Escopo 1;Combustão estacionária;197,256,873;2,853,632;0
Mineração Rio do Norte S.A.;MRN;04.932.216/0001-46;2019;Participação Societária;Escopo 1;Resíduos sólidos e efluentes líquidos;2,915,853;4,678;0
Mineração Rio do Norte S.A.;MRN;04.932.216/0001-46;2019;Participação Societária;Escopo 1;Fugitivas;2,765,385;0;0
Mineração Rio do Norte S.A.;MRN;04.932.216/0001-46;2019;Participação Societária;Escopo 1;Atividades agrícolas;33,585;0;0
Mineração Rio do Norte S.A.;MRN;04.932.216/0001-46;2019;Participação Societária;Escopo 1;Mudanças no uso do solo;251,190,564;0;100,861,093
Mineração Rio do Norte S.A.;MRN;04.932.216/0001-46;2019;Participação Societária;Escopo 2;Aquisição de energia elétrica - Abordagem baseada na localização;0,726;0;0
Alcoa Alumínio S.A. Poços de Caldas;Alcoa Poços de Caldas;23.637.697/0001-01;2019;Controle Operacional;Escopo 1;Combustão móvel;1,458,313;121,199;0
Alcoa Alumínio S.A. Poços de Caldas;Alcoa Poços de Caldas;23.637.697/0001-01;2019;Controle Operacional;Escopo 1;Combustão estacionária;98,732,566;0;0
Alcoa Alumínio S.A. Poços de Caldas;Alcoa Poços de Caldas;23.637.697/0001-01;2019;Controle Operacional;Escopo 1;Resíduos sólidos e efluentes líquidos;267,408;0;0
Alcoa Alumínio S.A. Poços de Caldas;Alcoa Poços de Caldas;23.637.697/0001-01;2019;Controle Operacional;Escopo 1;Fugitivas;470,159;0;0
Alcoa Alumínio S.A. Poços de Caldas;Alcoa Poços de Caldas;23.637.697/0001-01;2019;Controle Operacional;Escopo 2;Aquisição de energia elétrica - Abordagem baseada na localização;6,547,394;0;0
Alcoa Alumínio S.A. Poços de Caldas;Alcoa Poços de Caldas;23.637.697/0001-01;2019;Participação Societária;Escopo 1;Combustão móvel;1,458,313;121,199;0
Alcoa Alumínio S.A. Poços de Caldas;Alcoa Poços de Caldas;23.637.697/0001-01;2019;Participação Societária;Escopo 1;Combustão estacionária;98,732,566;0;0
Alcoa Alumínio S.A. Poços de Caldas;Alcoa Poços de Caldas;23.637.697/0001-01;2019;Participação Societária;Escopo 1;Resíduos sólidos e efluentes líquidos;267,408;0;0
Alcoa Alumínio S.A. Poços de Caldas;Alcoa Poços de Caldas;23.637.697/0001-01;2019;Participação Societária;Escopo 1;Fugitivas;470,159;0;0
Alcoa Alumínio S.A. Poços de Caldas;Alcoa Poços de Caldas;23.637.697/0001-01;2019;Participação Societária;Escopo 2;Aquisição de energia elétrica - Abordagem baseada na localização;6,547,394;0;0
