NOME;NOME FANTASIA;CNPJ;ESTADO;ANO;Relatório;GEE;Escopo 1;Escopo 2 - Baseada na localização;Escopo 2 - Baseada na escolha de compra;EQ Escopo 1;EQ Escopo 2 - Baseada na localização;EQ Escopo 2 - Baseada na escolha de compra
Alcoa Alumínio S.A. ;Alcoa;23.637.697/0135-13;SP;2021;Controle Operacional;CO2;2378561,08;62533,03;0,00;2378561,08;62533,03;0,00
Alcoa Alumínio S.A. ;Alcoa;23.637.697/0135-13;SP;2021;Controle Operacional;CH4;178,00;0,00;0,00;4983,86;0,00;0,00
Alcoa Alumínio S.A. ;Alcoa;23.637.697/0135-13;SP;2021;Controle Operacional;N2O;29,38;0,00;0,00;7785,17;0,00;0,00
Alcoa Alumínio S.A. ;Alcoa;23.637.697/0135-13;SP;2021;Controle Operacional;HFC;0,75;0,00;0,00;1483,09;0,00;0,00
Alcoa Alumínio S.A. ;Alcoa;23.637.697/0135-13;SP;2021;Controle Operacional;PFC;0,00;0,00;0,00;0,00;0,00;0,00
Alcoa Alumínio S.A. ;Alcoa;23.637.697/0135-13;SP;2021;Controle Operacional;SF6;0,00;0,00;0,00;0,00;0,00;0,00
Alcoa Alumínio S.A. ;Alcoa;23.637.697/0135-13;SP;2021;Controle Operacional;NF3;0,00;0,00;0,00;0,00;0,00;0,00
Alcoa Alumínio S.A. ;Alcoa;23.637.697/0135-14;SP;2021;Participação Societária ;CO2;1402135,11;42329,75;0,00;1402135,11;42329,75;0,00
Alcoa Alumínio S.A. ;Alcoa;23.637.697/0135-15;SP;2021;Participação Societária ;CH4;106,52;0,00;0,00;2982,63;0,00;0,00
Alcoa Alumínio S.A. ;Alcoa;23.637.697/0135-16;SP;2021;Participação Societária ;N2O;16,98;0,00;0,00;4499,74;0,00;0,00
Alcoa Alumínio S.A. ;Alcoa;23.637.697/0135-17;SP;2021;Participação Societária ;HFC;0,54;0,00;0,00;1072,67;0,00;0,00
Alcoa Alumínio S.A. ;Alcoa;23.637.697/0135-18;SP;2021;Participação Societária ;PFC;0,00;0,00;0,00;0,00;0,00;0,00
Alcoa Alumínio S.A. ;Alcoa;23.637.697/0135-19;SP;2021;Participação Societária ;SF6;0,00;0,00;0,00;0,00;0,00;0,00
Alcoa Alumínio S.A. ;Alcoa;23.637.697/0135-20;SP;2021;Participação Societária ;NF3;0,00;0,00;0,00;0,00;0,00;0,00
Alcoa World Alumina Brasil Ltda;Alcoa Juruti;06.167.730/0005-91;PA;2021;Controle Operacional;CO2;187422,10;0,00;1952,80;0,00;1952,80;0,00
Alcoa World Alumina Brasil Ltda;Alcoa Juruti;06.167.730/0005-92;PA;2021;Controle Operacional;CH4;6,51;0,00;0,12;0,00;3,30;0,00
Alcoa World Alumina Brasil Ltda;Alcoa Juruti;06.167.730/0005-93;PA;2021;Controle Operacional;N2O;3,22;0,00;0,10;0,00;26,24;0,00
Alcoa World Alumina Brasil Ltda;Alcoa Juruti;06.167.730/0005-94;PA;2021;Controle Operacional;HFC;0,27;0,00;0,00;0,00;0,00;0,00
Alcoa World Alumina Brasil Ltda;Alcoa Juruti;06.167.730/0005-95;PA;2021;Controle Operacional;PFC;0,00;0,00;0,00;0,00;0,00;0,00
Alcoa World Alumina Brasil Ltda;Alcoa Juruti;06.167.730/0005-96;PA;2021;Controle Operacional;SF6;0,00;0,00;0,00;0,00;0,00;0,00
Alcoa World Alumina Brasil Ltda;Alcoa Juruti;06.167.730/0005-97;PA;2021;Controle Operacional;NF3;0,00;0,00;0,00;0,00;0,00;0,00
Alcoa World Alumina Brasil Ltda;Alcoa Juruti;06.167.730/0005-98;PA;2021;Participação Societária ;CO2;187422,10;0,00;1952,80;0,00;1952,80;0,00
Alcoa World Alumina Brasil Ltda;Alcoa Juruti;06.167.730/0005-99;PA;2021;Participação Societária ;CH4;6,51;0,00;0,12;0,00;3,30;0,00
Alcoa World Alumina Brasil Ltda;Alcoa Juruti;06.167.730/0005-100;PA;2021;Participação Societária ;N2O;3,22;0,00;0,10;0,00;26,24;0,00
Alcoa World Alumina Brasil Ltda;Alcoa Juruti;06.167.730/0005-101;PA;2021;Participação Societária ;HFC;0,27;0,00;0,00;0,00;0,00;0,00
Alcoa World Alumina Brasil Ltda;Alcoa Juruti;06.167.730/0005-102;PA;2021;Participação Societária ;PFC;0,00;0,00;0,00;0,00;0,00;0,00
Alcoa World Alumina Brasil Ltda;Alcoa Juruti;06.167.730/0005-103;PA;2021;Participação Societária ;SF6;0,00;0,00;0,00;0,00;0,00;0,00
Alcoa World Alumina Brasil Ltda;Alcoa Juruti;06.167.730/0005-104;PA;2021;Participação Societária ;NF3;0,00;0,00;0,00;0,00;0,00;0,00
Consórcio de Alumínio do Maranhão;Consórcio Alumar; 00.655.209/0001-93;MA;2021;Controle Operacional;CO2;2100657,91;46944,37;0,00;2100657,91;46944,37;0,00
Consórcio de Alumínio do Maranhão;Consórcio Alumar; 00.655.209/0001-94;MA;2021;Controle Operacional;CH4;160,24;0,00;0,00;4486,72;0,00;0,00
Consórcio de Alumínio do Maranhão;Consórcio Alumar; 00.655.209/0001-95;MA;2021;Controle Operacional;N2O;25,92;0,00;0,00;6869,33;0,00;0,00
Consórcio de Alumínio do Maranhão;Consórcio Alumar; 00.655.209/0001-96;MA;2021;Controle Operacional;HFC;0,24;0,00;0,00;515,71;0,00;0,00
Consórcio de Alumínio do Maranhão;Consórcio Alumar; 00.655.209/0001-97;MA;2021;Controle Operacional;PFC;0,00;0,00;0,00;0,00;0,00;0,00
Consórcio de Alumínio do Maranhão;Consórcio Alumar; 00.655.209/0001-98;MA;2021;Controle Operacional;SF6;0,00;0,00;0,00;0,00;0,00;0,00
Consórcio de Alumínio do Maranhão;Consórcio Alumar; 00.655.209/0001-99;MA;2021;Controle Operacional;NF3;0,00;0,00;0,00;0,00;0,00;0,00
Consórcio de Alumínio do Maranhão;Consórcio Alumar; 00.655.209/0001-100;MA;2021;Participação Societária;CO2;2100657,91;46944,37;0,00;2100657,91;46944,37;0,00
Consórcio de Alumínio do Maranhão;Consórcio Alumar; 00.655.209/0001-101;MA;2021;Participação Societária;CH4;160,24;0,00;0,00;4486,72;0,00;0,00
Consórcio de Alumínio do Maranhão;Consórcio Alumar; 00.655.209/0001-102;MA;2021;Participação Societária;N2O;25,92;0,00;0,00;6869,33;0,00;0,00
Consórcio de Alumínio do Maranhão;Consórcio Alumar; 00.655.209/0001-103;MA;2021;Participação Societária;HFC;0,24;0,00;0,00;515,71;0,00;0,00
Consórcio de Alumínio do Maranhão;Consórcio Alumar; 00.655.209/0001-104;MA;2021;Participação Societária;PFC;0,00;0,00;0,00;0,00;0,00;0,00
Consórcio de Alumínio do Maranhão;Consórcio Alumar; 00.655.209/0001-105;MA;2021;Participação Societária;SF6;0,00;0,00;0,00;0,00;0,00;0,00
Consórcio de Alumínio do Maranhão;Consórcio Alumar; 00.655.209/0001-106;MA;2021;Participação Societária;NF3;0,00;0,00;0,00;0,00;0,00;0,00
Companhia Geral de Minas;CGM; 60.580.396/0001-15;MG;2021;Controle Operacional;CO2;455,23;0,00;0,00;455,23;0,00;0,00
Companhia Geral de Minas;CGM; 60.580.396/0001-16;MG;2021;Controle Operacional;CH4;0,03;0,00;0,00;0,87;0,00;0,00
Companhia Geral de Minas;CGM; 60.580.396/0001-17;MG;2021;Controle Operacional;N2O;0,03;0,00;0,00;6,89;0,00;0,00
Companhia Geral de Minas;CGM; 60.580.396/0001-18;MG;2021;Controle Operacional;HFC;0,00;0,00;0,00;0,00;0,00;0,00
Companhia Geral de Minas;CGM; 60.580.396/0001-19;MG;2021;Controle Operacional;PFC;0,00;0,00;0,00;0,00;0,00;0,00
Companhia Geral de Minas;CGM; 60.580.396/0001-20;MG;2021;Controle Operacional;SF6;0,00;0,00;0,00;0,00;0,00;0,00
Companhia Geral de Minas;CGM; 60.580.396/0001-21;MG;2021;Controle Operacional;NF3;0,00;0,00;0,00;0,00;0,00;0,00
Companhia Geral de Minas;CGM; 60.580.396/0001-22;MG;2021;Participação Societária;CO2;455,23;0,00;0,00;455,23;0,00;0,00
Companhia Geral de Minas;CGM; 60.580.396/0001-22;MG;2021;Participação Societária;CH4;0,03;0,00;0,00;0,87;0,00;0,00
Companhia Geral de Minas;CGM; 60.580.396/0001-22;MG;2021;Participação Societária;N2O;0,03;0,00;0,00;6,89;0,00;0,00
Companhia Geral de Minas;CGM; 60.580.396/0001-22;MG;2021;Participação Societária;HFC;0,00;0,00;0,00;0,00;0,00;0,00
Companhia Geral de Minas;CGM; 60.580.396/0001-22;MG;2021;Participação Societária;PFC;0,00;0,00;0,00;0,00;0,00;0,00
Companhia Geral de Minas;CGM; 60.580.396/0001-22;MG;2021;Participação Societária;SF6;0,00;0,00;0,00;0,00;0,00;0,00
Companhia Geral de Minas;CGM; 60.580.396/0001-22;MG;2021;Participação Societária;NF3;0,00;0,00;0,00;0,00;0,00;0,00
Alcoa Alumínio S.A. São Paulo; Alcoa São Paulo;48.879.175/0001-47;SP;2021;Controle Operacional;CO2;0,00;5,04;0,00;0,00;5,04;0,00
Alcoa Alumínio S.A. São Paulo; Alcoa São Paulo;48.879.175/0001-48;SP;2021;Controle Operacional;CH4;0,00;0,00;0,00;0,00;0,00;0,00
Alcoa Alumínio S.A. São Paulo; Alcoa São Paulo;48.879.175/0001-49;SP;2021;Controle Operacional;N2O;0,00;0,00;0,00;0,00;0,00;0,00
Alcoa Alumínio S.A. São Paulo; Alcoa São Paulo;48.879.175/0001-50;SP;2021;Controle Operacional;HFC;0,00;0,00;0,00;0,00;0,00;0,00
Alcoa Alumínio S.A. São Paulo; Alcoa São Paulo;48.879.175/0001-51;SP;2021;Controle Operacional;PFC;0,00;0,00;0,00;0,00;0,00;0,00
Alcoa Alumínio S.A. São Paulo; Alcoa São Paulo;48.879.175/0001-52;SP;2021;Controle Operacional;SF6;0,00;0,00;0,00;0,00;0,00;0,00
Alcoa Alumínio S.A. São Paulo; Alcoa São Paulo;48.879.175/0001-53;SP;2021;Controle Operacional;NF3;0,00;0,00;0,00;0,00;0,00;0,00
Alcoa Alumínio S.A. São Paulo; Alcoa São Paulo;48.879.175/0001-54;SP;2021;Participação Societária;CO2;0,00;5,04;0,00;0,00;5,04;0,00
Alcoa Alumínio S.A. São Paulo; Alcoa São Paulo;48.879.175/0001-55;SP;2021;Participação Societária;CH4;0,00;0,00;0,00;0,00;0,00;0,00
Alcoa Alumínio S.A. São Paulo; Alcoa São Paulo;48.879.175/0001-56;SP;2021;Participação Societária;N2O;0,00;0,00;0,00;0,00;0,00;0,00
Alcoa Alumínio S.A. São Paulo; Alcoa São Paulo;48.879.175/0001-57;SP;2021;Participação Societária;HFC;0,00;0,00;0,00;0,00;0,00;0,00
Alcoa Alumínio S.A. São Paulo; Alcoa São Paulo;48.879.175/0001-58;SP;2021;Participação Societária;PFC;0,00;0,00;0,00;0,00;0,00;0,00
Alcoa Alumínio S.A. São Paulo; Alcoa São Paulo;48.879.175/0001-59;SP;2021;Participação Societária;SF6;0,00;0,00;0,00;0,00;0,00;0,00
Alcoa Alumínio S.A. São Paulo; Alcoa São Paulo;48.879.175/0001-60;SP;2021;Participação Societária;NF3;0,00;0,00;0,00;0,00;0,00;0,00
Alcoa Alumínio S.A. Poços de Caldas;Alcoa Poços de Caldas;23.637.697/0001-01;MG;2021;Controle Operacional;CO2;90025,85;15583,63;0,00;90025,85;15583,63;0,00
Alcoa Alumínio S.A. Poços de Caldas;Alcoa Poços de Caldas;23.637.697/0001-01;MG;2021;Controle Operacional;CH4;11,21;0,00;0,00;313,94;0,00;0,00
Alcoa Alumínio S.A. Poços de Caldas;Alcoa Poços de Caldas;23.637.697/0001-01;MG;2021;Controle Operacional;N2O;0,22;0,00;0,00;56,98;0,00;0,00
Alcoa Alumínio S.A. Poços de Caldas;Alcoa Poços de Caldas;23.637.697/0001-01;MG;2021;Controle Operacional;HFC;0,24;0,00;0,00;480,27;0,00;0,00
Alcoa Alumínio S.A. Poços de Caldas;Alcoa Poços de Caldas;23.637.697/0001-01;MG;2021;Controle Operacional;PFC;0,00;0,00;0,00;0,00;0,00;0,00
Alcoa Alumínio S.A. Poços de Caldas;Alcoa Poços de Caldas;23.637.697/0001-01;MG;2021;Controle Operacional;SF6;0,00;0,00;0,00;0,00;0,00;0,00
Alcoa Alumínio S.A. Poços de Caldas;Alcoa Poços de Caldas;23.637.697/0001-01;MG;2021;Controle Operacional;NF3;0,00;0,00;0,00;0,00;0,00;0,00
Alcoa Alumínio S.A. Poços de Caldas;Alcoa Poços de Caldas;23.637.697/0001-01;MG;2021;Participação Societária;CO2;90025,85;15583,63;0,00;90025,85;15583,63;0,00
Alcoa Alumínio S.A. Poços de Caldas;Alcoa Poços de Caldas;23.637.697/0001-01;MG;2021;Participação Societária;CH4;11,21;0,00;0,00;313,94;0,00;0,00
Alcoa Alumínio S.A. Poços de Caldas;Alcoa Poços de Caldas;23.637.697/0001-01;MG;2021;Participação Societária;N2O;0,22;0,00;0,00;56,98;0,00;0,00
Alcoa Alumínio S.A. Poços de Caldas;Alcoa Poços de Caldas;23.637.697/0001-01;MG;2021;Participação Societária;HFC;0,24;0,00;0,00;480,27;0,00;0,00
Alcoa Alumínio S.A. Poços de Caldas;Alcoa Poços de Caldas;23.637.697/0001-01;MG;2021;Participação Societária;PFC;0,00;0,00;0,00;0,00;0,00;0,00
Alcoa Alumínio S.A. Poços de Caldas;Alcoa Poços de Caldas;23.637.697/0001-01;MG;2021;Participação Societária;SF6;0,00;0,00;0,00;0,00;0,00;0,00
Alcoa Alumínio S.A. Poços de Caldas;Alcoa Poços de Caldas;23.637.697/0001-01;MG;2021;Participação Societária;NF3;0,00;0,00;0,00;0,00;0,00;0,00
Alcoa Alumínio S.A. ;Alcoa;23.637.697/0135-13;SP;2022;Controle Operacional;CO2;2677504,31;74000,06;2677504,31;54905,96;379912,07;73132,28
Alcoa Alumínio S.A. ;Alcoa;23.637.697/0135-13;SP;2022;Controle Operacional;CH4;168,97;0,00;0,00;4731,27;0,00;0,00
Alcoa Alumínio S.A. ;Alcoa;23.637.697/0135-13;SP;2022;Controle Operacional;N2O;27,85;0,00;0,00;7379,99;0,00;0,00
Alcoa Alumínio S.A. ;Alcoa;23.637.697/0135-13;SP;2022;Controle Operacional;HFC;0,85;0,00;0,00;1681,70;0,00;0,00
Alcoa Alumínio S.A. ;Alcoa;23.637.697/0135-13;SP;2022;Controle Operacional;PFC;18,95;0,00;0,00;134766,39;0,00;0,00
Alcoa Alumínio S.A. ;Alcoa;23.637.697/0135-13;SP;2022;Controle Operacional;SF6;0,02;0,00;0,00;470,00;0,00;0,00
Alcoa Alumínio S.A. ;Alcoa;23.637.697/0135-13;SP;2022;Controle Operacional;NF3;0,00;0,00;0,00;0,00;0,00;0,00
Alcoa Alumínio S.A. ;Alcoa;23.637.697/0135-13;SP;2022;Participação Societária;CO2;1575068,53;45651,83;31410,68;1575068,53;45651,83;31410,68
Alcoa Alumínio S.A. ;Alcoa;23.637.697/0135-13;SP;2022;Participação Societária;CH4;101,01;0,00;0,00;2828,18;0,00;0,00
Alcoa Alumínio S.A. ;Alcoa;23.637.697/0135-13;SP;2022;Participação Societária;N2O;16,11;0,00;0,00;4268,48;0,00;0,00
Alcoa Alumínio S.A. ;Alcoa;23.637.697/0135-13;SP;2022;Participação Societária;HFC;0,55;0,00;0,00;1090,20;0,00;0,00
Alcoa Alumínio S.A. ;Alcoa;23.637.697/0135-13;SP;2022;Participação Societária;PFC;10,80;0,00;0,00;76776,41;0,00;0,00
Alcoa Alumínio S.A. ;Alcoa;23.637.697/0135-13;SP;2022;Participação Societária;SF6;0,01;0,00;0,00;267,76;0,00;0,00
Alcoa Alumínio S.A. ;Alcoa;23.637.697/0135-13;SP;2022;Participação Societária;NF3;0,00;0,00;0,00;0,00;0,00;0,00
Alcoa World Alumina Brasil Ltda;Alcoa Juruti;06.167.730/0005-91;PA;2022;Controle Operacional;CO2;392341,21;0,00;1104,89;0,00;1104,89;0,00
Alcoa World Alumina Brasil Ltda;Alcoa Juruti;06.167.730/0005-91;PA;2022;Controle Operacional;CH4;5,07;0,00;0,05;0,00;1,40;0,00
Alcoa World Alumina Brasil Ltda;Alcoa Juruti;06.167.730/0005-91;PA;2022;Controle Operacional;N2O;2,33;0,00;0,05;0,00;13,52;0,00
Alcoa World Alumina Brasil Ltda;Alcoa Juruti;06.167.730/0005-91;PA;2022;Controle Operacional;HFC;0,15;0,00;0,00;0,00;0,00;0,00
Alcoa World Alumina Brasil Ltda;Alcoa Juruti;06.167.730/0005-91;PA;2022;Controle Operacional;PFC;0,00;0,00;0,00;0,00;0,00;0,00
Alcoa World Alumina Brasil Ltda;Alcoa Juruti;06.167.730/0005-91;PA;2022;Controle Operacional;SF6;0,00;0,00;0,00;0,00;0,00;0,00
Alcoa World Alumina Brasil Ltda;Alcoa Juruti;06.167.730/0005-91;PA;2022;Controle Operacional;NF3;0,00;0,00;0,00;0,00;0,00;0,00
Alcoa World Alumina Brasil Ltda;Alcoa Juruti;06.167.730/0005-91;PA;2022;Participação Societária;CO2;392341,21;0,00;1104,89;0,00;1104,89;0,00
Alcoa World Alumina Brasil Ltda;Alcoa Juruti;06.167.730/0005-91;PA;2022;Participação Societária;CH4;5,07;0,00;0,05;0,00;1,40;0,00
Alcoa World Alumina Brasil Ltda;Alcoa Juruti;06.167.730/0005-91;PA;2022;Participação Societária;N2O;2,33;0,00;0,05;0,00;13,52;0,00
Alcoa World Alumina Brasil Ltda;Alcoa Juruti;06.167.730/0005-91;PA;2022;Participação Societária;HFC;0,15;0,00;0,00;0,00;0,00;0,00
Alcoa World Alumina Brasil Ltda;Alcoa Juruti;06.167.730/0005-91;PA;2022;Participação Societária;PFC;0,00;0,00;0,00;0,00;0,00;0,00
Alcoa World Alumina Brasil Ltda;Alcoa Juruti;06.167.730/0005-91;PA;2022;Participação Societária;SF6;0,00;0,00;0,00;0,00;0,00;0,00
Alcoa World Alumina Brasil Ltda;Alcoa Juruti;06.167.730/0005-91;PA;2022;Participação Societária;NF3;0,00;0,00;0,00;0,00;0,00;0,00
Consórcio de Alumínio do Maranhão;Consórcio Alumar;00.655.209/0001-93;MA;2022;Controle Operacional;CO2;2209303,19;65876,38;54601,97;2209303,19;65876,38;54601,97
Consórcio de Alumínio do Maranhão;Consórcio Alumar;00.655.209/0001-93;MA;2022;Controle Operacional;CH4;153,39;0,00;0,00;4294,95;0,00;0,00
Consórcio de Alumínio do Maranhão;Consórcio Alumar;00.655.209/0001-93;MA;2022;Controle Operacional;N2O;25,20;0,00;0,00;6676,68;0,00;0,00
Consórcio de Alumínio do Maranhão;Consórcio Alumar;00.655.209/0001-93;MA;2022;Controle Operacional;HFC;0,56;0,00;0,00;1120,75;0,00;0,00
Consórcio de Alumínio do Maranhão;Consórcio Alumar;00.655.209/0001-93;MA;2022;Controle Operacional;PFC;18,95;0,00;0,00;134766,39;0,00;0,00
Consórcio de Alumínio do Maranhão;Consórcio Alumar;00.655.209/0001-93;MA;2022;Controle Operacional;SF6;0,02;0,00;0,00;470,00;0,00;0,00
Consórcio de Alumínio do Maranhão;Consórcio Alumar;00.655.209/0001-93;MA;2022;Controle Operacional;NF3;0,00;0,00;0,00;0,00;0,00;0,00
Consórcio de Alumínio do Maranhão;Consórcio Alumar;00.655.209/0001-93;MA;2022;Participação Societária;CO2;2209303,19;65876,38;54601,97;398785,14;2209303,18;65876,38
Consórcio de Alumínio do Maranhão;Consórcio Alumar;00.655.209/0001-93;MA;2022;Participação Societária;CH4;153,39;0,00;0,00;4294,95;0,00;0,00
Consórcio de Alumínio do Maranhão;Consórcio Alumar;00.655.209/0001-93;MA;2022;Participação Societária;N2O;25,20;0,00;0,00;6676,68;0,00;0,00
Consórcio de Alumínio do Maranhão;Consórcio Alumar;00.655.209/0001-93;MA;2022;Participação Societária;HFC;0,56;0,00;0,00;1120,75;0,00;0,00
Consórcio de Alumínio do Maranhão;Consórcio Alumar;00.655.209/0001-93;MA;2022;Participação Societária;PFC;18,95;0,00;0,00;134766,39;0,00;0,00
Consórcio de Alumínio do Maranhão;Consórcio Alumar;00.655.209/0001-93;MA;2022;Participação Societária;SF6;0,02;0,00;0,00;470,00;0,00;0,00
Consórcio de Alumínio do Maranhão;Consórcio Alumar;00.655.209/0001-93;MA;2022;Participação Societária;NF3;0,00;0,00;0,00;0,00;0,00;0,00
Companhia Geral de Minas;CGM;60.580.396/0001-15;MG;2022;Controle Operacional;CO2;659,15;0,00;0,00;659,15;0,00;0,00
Companhia Geral de Minas;CGM;60.580.396/0001-15;MG;2022;Controle Operacional;CH4;0,04;0,00;0,00;1,15;0,00;0,00
Companhia Geral de Minas;CGM;60.580.396/0001-15;MG;2022;Controle Operacional;N2O;0,06;0,00;0,00;14,84;0,00;0,00
Companhia Geral de Minas;CGM;60.580.396/0001-15;MG;2022;Controle Operacional;HFC;0,00;0,00;0,00;0,00;0,00;0,00
Companhia Geral de Minas;CGM;60.580.396/0001-15;MG;2022;Controle Operacional;PFC;0,00;0,00;0,00;0,00;0,00;0,00
Companhia Geral de Minas;CGM;60.580.396/0001-15;MG;2022;Controle Operacional;SF6;0,00;0,00;0,00;0,00;0,00;0,00
Companhia Geral de Minas;CGM;60.580.396/0001-15;MG;2022;Controle Operacional;NF3;0,00;0,00;0,00;0,00;0,00;0,00
Companhia Geral de Minas;CGM;60.580.396/0001-15;MG;2022;Participação Societária;CO2;659,15;0,00;0,00;659,15;0,00;0,00
Companhia Geral de Minas;CGM;60.580.396/0001-15;MG;2022;Participação Societária;CH4;0,04;0,00;0,00;1,15;0,00;0,00
Companhia Geral de Minas;CGM;60.580.396/0001-15;MG;2022;Participação Societária;N2O;0,06;0,00;0,00;14,84;0,00;0,00
Companhia Geral de Minas;CGM;60.580.396/0001-15;MG;2022;Participação Societária;HFC;0,00;0,00;0,00;0,00;0,00;0,00
Companhia Geral de Minas;CGM;60.580.396/0001-15;MG;2022;Participação Societária;PFC;0,00;0,00;0,00;0,00;0,00;0,00
Companhia Geral de Minas;CGM;60.580.396/0001-15;MG;2022;Participação Societária;SF6;0,00;0,00;0,00;0,00;0,00;0,00
Companhia Geral de Minas;CGM;60.580.396/0001-15;MG;2022;Participação Societária;NF3;0,00;0,00;0,00;0,00;0,00;0,00
Alcoa Alumínio S.A. São Paulo;Alcoa São Paulo;48.879.175/0001-47;SP;2022;Controle Operacional;CO2;0,00;2,10;2,10;0,00;2,10;2,10
Alcoa Alumínio S.A. São Paulo;Alcoa São Paulo;48.879.175/0001-47;SP;2022;Controle Operacional;CH4;0,00;0,00;0,00;0,00;0,00;0,00
Alcoa Alumínio S.A. São Paulo;Alcoa São Paulo;48.879.175/0001-47;SP;2022;Controle Operacional;N2O;0,00;0,00;0,00;0,00;0,00;0,00
Alcoa Alumínio S.A. São Paulo;Alcoa São Paulo;48.879.175/0001-47;SP;2022;Controle Operacional;HFC;0,00;0,00;0,00;0,00;0,00;0,00
Alcoa Alumínio S.A. São Paulo;Alcoa São Paulo;48.879.175/0001-47;SP;2022;Controle Operacional;PFC;0,00;0,00;0,00;0,00;0,00;0,00
Alcoa Alumínio S.A. São Paulo;Alcoa São Paulo;48.879.175/0001-47;SP;2022;Controle Operacional;SF6;0,00;0,00;0,00;0,00;0,00;0,00
Alcoa Alumínio S.A. São Paulo;Alcoa São Paulo;48.879.175/0001-47;SP;2022;Controle Operacional;NF3;0,00;0,00;0,00;0,00;0,00;0,00
Alcoa Alumínio S.A. São Paulo;Alcoa São Paulo;48.879.175/0001-47;SP;2022;Participação Societária;CO2;0,00;2,10;2,10;0,00;2,10;2,10
Alcoa Alumínio S.A. São Paulo;Alcoa São Paulo;48.879.175/0001-47;SP;2022;Participação Societária;CH4;0,00;0,00;0,00;0,00;0,00;0,00
Alcoa Alumínio S.A. São Paulo;Alcoa São Paulo;48.879.175/0001-47;SP;2022;Participação Societária;N2O;0,00;0,00;0,00;0,00;0,00;0,00
Alcoa Alumínio S.A. São Paulo;Alcoa São Paulo;48.879.175/0001-47;SP;2022;Participação Societária;HFC;0,00;0,00;0,00;0,00;0,00;0,00
Alcoa Alumínio S.A. São Paulo;Alcoa São Paulo;48.879.175/0001-47;SP;2022;Participação Societária;PFC;0,00;0,00;0,00;0,00;0,00;0,00
Alcoa Alumínio S.A. São Paulo;Alcoa São Paulo;48.879.175/0001-47;SP;2022;Participação Societária;SF6;0,00;0,00;0,00;0,00;0,00;0,00
Alcoa Alumínio S.A. São Paulo;Alcoa São Paulo;48.879.175/0001-47;SP;2022;Participação Societária;NF3;0,00;0,00;0,00;0,00;0,00;0,00
Alcoa Alumínio S.A. Poços de Caldas;Alcoa Poços de Caldas;23.637.697/0001-01;MG;2022;Controle Operacional;CO2;75200,77;8121,58;301,89;75200,77;8121,58;301,89
Alcoa Alumínio S.A. Poços de Caldas;Alcoa Poços de Caldas;23.637.697/0001-01;MG;2022;Controle Operacional;CH4;10,47;0,00;0,00;293,19;0,00;0,00
Alcoa Alumínio S.A. Poços de Caldas;Alcoa Poços de Caldas;23.637.697/0001-01;MG;2022;Controle Operacional;N2O;0,27;0,00;0,00;71,82;0,00;0,00
Alcoa Alumínio S.A. Poços de Caldas;Alcoa Poços de Caldas;23.637.697/0001-01;MG;2022;Controle Operacional;HFC;0,14;0,00;0,00;278,67;0,00;0,00
Alcoa Alumínio S.A. Poços de Caldas;Alcoa Poços de Caldas;23.637.697/0001-01;MG;2022;Controle Operacional;PFC;0,00;0,00;0,00;0,00;0,00;0,00
Alcoa Alumínio S.A. Poços de Caldas;Alcoa Poços de Caldas;23.637.697/0001-01;MG;2022;Controle Operacional;SF6;0,00;0,00;0,00;0,00;0,00;0,00
Alcoa Alumínio S.A. Poços de Caldas;Alcoa Poços de Caldas;23.637.697/0001-01;MG;2022;Controle Operacional;NF3;0,00;0,00;0,00;0,00;0,00;0,00
Alcoa Alumínio S.A. Poços de Caldas;Alcoa Poços de Caldas;23.637.697/0001-01;MG;2022;Participação Societária;CO2;75200,77;8121,58;301,89;75200,77;8121,58;301,89
Alcoa Alumínio S.A. Poços de Caldas;Alcoa Poços de Caldas;23.637.697/0001-01;MG;2022;Participação Societária;CH4;10,47;0,00;0,00;293,19;0,00;0,00
Alcoa Alumínio S.A. Poços de Caldas;Alcoa Poços de Caldas;23.637.697/0001-01;MG;2022;Participação Societária;N2O;0,27;0,00;0,00;71,82;0,00;0,00
Alcoa Alumínio S.A. Poços de Caldas;Alcoa Poços de Caldas;23.637.697/0001-01;MG;2022;Participação Societária;HFC;0,14;0,00;0,00;278,67;0,00;0,00
Alcoa Alumínio S.A. Poços de Caldas;Alcoa Poços de Caldas;23.637.697/0001-01;MG;2022;Participação Societária;PFC;0,00;0,00;0,00;0,00;0,00;0,00
Alcoa Alumínio S.A. Poços de Caldas;Alcoa Poços de Caldas;23.637.697/0001-01;MG;2022;Participação Societária;SF6;0,00;0,00;0,00;0,00;0,00;0,00
Alcoa Alumínio S.A. Poços de Caldas;Alcoa Poços de Caldas;23.637.697/0001-01;MG;2022;Participação Societária;NF3;0,00;0,00;0,00;0,00;0,00;0,00
Alcoa Alumínio S.A. ;Alcoa;23.637.697/0135-13;SP;2023;Controle Operacional;CO2;2533586,78;192884,51;73132,28;2533586,78;192884,51;73132,28
Alcoa Alumínio S.A. ;Alcoa;23.637.697/0135-13;SP;2023;Controle Operacional;CH4;2730,58;0,00;0,00;76456,27;0,00;0,00
Alcoa Alumínio S.A. ;Alcoa;23.637.697/0135-13;SP;2023;Controle Operacional;N2O;28,53;0,00;0,00;7559,39;0,00;0,00
Alcoa Alumínio S.A. ;Alcoa;23.637.697/0135-13;SP;2023;Controle Operacional;HFC;0,76;0,00;0,00;1494,48;0,00;0,00
Alcoa Alumínio S.A. ;Alcoa;23.637.697/0135-13;SP;2023;Controle Operacional;PFC;72,05;0,00;0,00;512456,85;0,00;0,00
Alcoa Alumínio S.A. ;Alcoa;23.637.697/0135-13;SP;2023;Controle Operacional;SF6;0,00;0,00;0,00;47,00;0,00;0,00
Alcoa Alumínio S.A. ;Alcoa;23.637.697/0135-13;SP;2023;Controle Operacional;NF3;0,00;0,00;0,00;0,00;0,00;0,00
Alcoa Alumínio S.A. ;Alcoa;23.637.697/0135-13;SP;2023;Participação Societária;CO2;1474459,11;115265,76;41663,46;1474459,11;115265,76;41663,46
Alcoa Alumínio S.A. ;Alcoa;23.637.697/0135-13;SP;2023;Participação Societária;CH4;1559,88;0,00;0,00;43676,52;0,00;0,00
Alcoa Alumínio S.A. ;Alcoa;23.637.697/0135-13;SP;2023;Participação Societária;N2O;16,51;0,00;0,00;4375,62;0,00;0,00
Alcoa Alumínio S.A. ;Alcoa;23.637.697/0135-13;SP;2023;Participação Societária;HFC;0,43;0,00;0,00;987,79;0,00;0,00
Alcoa Alumínio S.A. ;Alcoa;23.637.697/0135-13;SP;2023;Participação Societária;PFC;25,29;0,00;0,00;291946,67;0,00;0,00
Alcoa Alumínio S.A. ;Alcoa;23.637.697/0135-13;SP;2023;Participação Societária;SF6;0,00;0,00;0,00;26,78;0,00;0,00
Alcoa Alumínio S.A. ;Alcoa;23.637.697/0135-13;SP;2023;Participação Societária;NF3;0,00;0,00;0,00;0,00;0,00;0,00
Alcoa Alumínio S.A. São Paulo;Alcoa São Paulo;48.879.175/0001-47;SP;2023;Controle Operacional;CO2;0,01;2,11;0,00;0,01;2,11;0,00
Alcoa Alumínio S.A. São Paulo;Alcoa São Paulo;48.879.175/0001-47;SP;2023;Controle Operacional;CH4;0,00;0,00;0,00;0,00;0,00;0,00
Alcoa Alumínio S.A. São Paulo;Alcoa São Paulo;48.879.175/0001-47;SP;2023;Controle Operacional;N2O;0,00;0,00;0,00;0,00;0,00;0,00
Alcoa Alumínio S.A. São Paulo;Alcoa São Paulo;48.879.175/0001-47;SP;2023;Controle Operacional;HFC;0,00;0,00;0,00;0,00;0,00;0,00
Alcoa Alumínio S.A. São Paulo;Alcoa São Paulo;48.879.175/0001-47;SP;2023;Controle Operacional;PFC;0,00;0,00;0,00;0,00;0,00;0,00
Alcoa Alumínio S.A. São Paulo;Alcoa São Paulo;48.879.175/0001-47;SP;2023;Controle Operacional;SF6;0,00;0,00;0,00;0,00;0,00;0,00
Alcoa Alumínio S.A. São Paulo;Alcoa São Paulo;48.879.175/0001-47;SP;2023;Controle Operacional;NF3;0,00;0,00;0,00;0,00;0,00;0,00
Alcoa Alumínio S.A. São Paulo;Alcoa São Paulo;48.879.175/0001-47;SP;2023;Participação Societária;CO2;0,01;2,11;0,00;0,01;2,11;0,00
Alcoa Alumínio S.A. São Paulo;Alcoa São Paulo;48.879.175/0001-47;SP;2023;Participação Societária;CH4;0,00;0,00;0,00;0,00;0,00;0,00
Alcoa Alumínio S.A. São Paulo;Alcoa São Paulo;48.879.175/0001-47;SP;2023;Participação Societária;N2O;0,00;0,00;0,00;0,00;0,00;0,00
Alcoa Alumínio S.A. São Paulo;Alcoa São Paulo;48.879.175/0001-47;SP;2023;Participação Societária;HFC;0,00;0,00;0,00;0,00;0,00;0,00
Alcoa Alumínio S.A. São Paulo;Alcoa São Paulo;48.879.175/0001-47;SP;2023;Participação Societária;PFC;0,00;0,00;0,00;0,00;0,00;0,00
Alcoa Alumínio S.A. São Paulo;Alcoa São Paulo;48.879.175/0001-47;SP;2023;Participação Societária;SF6;0,00;0,00;0,00;0,00;0,00;0,00
Alcoa Alumínio S.A. São Paulo;Alcoa São Paulo;48.879.175/0001-47;SP;2023;Participação Societária;NF3;0,00;0,00;0,00;0,00;0,00;0,00
Alcoa World Alumina Brasil Ltda;Alcoa Juruti;06.167.730/0005-91;PA;2023;Controle Operacional;CO2;2533586,78;192884,51;73132,28;2533586,78;192884,51;73132,28
Alcoa World Alumina Brasil Ltda;Alcoa Juruti;06.167.730/0005-91;PA;2023;Controle Operacional;CH4;2730,58;0,00;0,00;76456,27;0,00;0,00
Alcoa World Alumina Brasil Ltda;Alcoa Juruti;06.167.730/0005-91;PA;2023;Controle Operacional;N2O;28,53;0,00;0,00;7559,39;0,00;0,00
Alcoa World Alumina Brasil Ltda;Alcoa Juruti;06.167.730/0005-91;PA;2023;Controle Operacional;HFC;0,76;0,00;0,00;1494,48;0,00;0,00
Alcoa World Alumina Brasil Ltda;Alcoa Juruti;06.167.730/0005-91;PA;2023;Controle Operacional;PFC;72,05;0,00;0,00;512456,85;0,00;0,00
Alcoa World Alumina Brasil Ltda;Alcoa Juruti;06.167.730/0005-91;PA;2023;Controle Operacional;SF6;0,00;0,00;0,00;47,00;0,00;0,00
Alcoa World Alumina Brasil Ltda;Alcoa Juruti;06.167.730/0005-91;PA;2023;Controle Operacional;NF3;0,00;0,00;0,00;0,00;0,00;0,00
Alcoa World Alumina Brasil Ltda;Alcoa Juruti;06.167.730/0005-91;PA;2023;Participação Societária;CO2;1474459,11;115265,76;41663,46;1474459,11;115265,76;41663,46
Alcoa World Alumina Brasil Ltda;Alcoa Juruti;06.167.730/0005-91;PA;2023;Participação Societária;CH4;1559,88;0,00;0,00;43676,52;0,00;0,00
Alcoa World Alumina Brasil Ltda;Alcoa Juruti;06.167.730/0005-91;PA;2023;Participação Societária;N2O;16,51;0,00;0,00;4375,62;0,00;0,00
Alcoa World Alumina Brasil Ltda;Alcoa Juruti;06.167.730/0005-91;PA;2023;Participação Societária;HFC;0,43;0,00;0,00;987,79;0,00;0,00
Alcoa World Alumina Brasil Ltda;Alcoa Juruti;06.167.730/0005-91;PA;2023;Participação Societária;PFC;25,29;0,00;0,00;291946,67;0,00;0,00
Alcoa World Alumina Brasil Ltda;Alcoa Juruti;06.167.730/0005-91;PA;2023;Participação Societária;SF6;0,00;0,00;0,00;26,78;0,00;0,00
Alcoa World Alumina Brasil Ltda;Alcoa Juruti;06.167.730/0005-91;PA;2023;Participação Societária;NF3;0,00;0,00;0,00;0,00;0,00;0,00
Consórcio de Alumínio do Maranhão;Consórcio Alumar;00.655.209/0001-93;MA;2023;Controle Operacional;CO2;2090646,25;180377,05;73132,28;2090646,25;180377,05;73132,28
Consórcio de Alumínio do Maranhão;Consórcio Alumar;00.655.209/0001-93;MA;2023;Controle Operacional;CH4;2713,65;0,00;0,00;75982,09;0,00;0,00
Consórcio de Alumínio do Maranhão;Consórcio Alumar;00.655.209/0001-93;MA;2023;Controle Operacional;N2O;24,51;0,00;0,00;6494,62;0,00;0,00
Consórcio de Alumínio do Maranhão;Consórcio Alumar;00.655.209/0001-93;MA;2023;Controle Operacional;HFC;0,59;0,00;0,00;1161,31;0,00;0,00
Consórcio de Alumínio do Maranhão;Consórcio Alumar;00.655.209/0001-93;MA;2023;Controle Operacional;PFC;72,05;0,00;0,00;512456,85;0,00;0,00
Consórcio de Alumínio do Maranhão;Consórcio Alumar;00.655.209/0001-93;MA;2023;Controle Operacional;SF6;0,00;0,00;0,00;47,00;0,00;0,00
Consórcio de Alumínio do Maranhão;Consórcio Alumar;00.655.209/0001-93;MA;2023;Controle Operacional;NF3;0,00;0,00;0,00;0,00;0,00;0,00
Consórcio de Alumínio do Maranhão;Consórcio Alumar;00.655.209/0001-93;MA;2023;Participação Societária;CO2;2090646,25;180377,05;73132,28;2090646,25;180377,05;73132,28
Consórcio de Alumínio do Maranhão;Consórcio Alumar;00.655.209/0001-93;MA;2023;Participação Societária;CH4;2713,65;0,00;0,00;75982,09;0,00;0,00
Consórcio de Alumínio do Maranhão;Consórcio Alumar;00.655.209/0001-93;MA;2023;Participação Societária;N2O;24,51;0,00;0,00;6494,62;0,00;0,00
Consórcio de Alumínio do Maranhão;Consórcio Alumar;00.655.209/0001-93;MA;2023;Participação Societária;HFC;0,59;0,00;0,00;1161,31;0,00;0,00
Consórcio de Alumínio do Maranhão;Consórcio Alumar;00.655.209/0001-93;MA;2023;Participação Societária;PFC;72,05;0,00;0,00;512456,85;0,00;0,00
Consórcio de Alumínio do Maranhão;Consórcio Alumar;00.655.209/0001-93;MA;2023;Participação Societária;SF6;0,00;0,00;0,00;47,00;0,00;0,00
Consórcio de Alumínio do Maranhão;Consórcio Alumar;00.655.209/0001-93;MA;2023;Participação Societária;NF3;0,00;0,00;0,00;0,00;0,00;0,00
Companhia Geral de Minas;CGM;60.580.396/0001-15;MG;2023;Controle Operacional;CO2;1484,10;0,00;0,00;1484,10;0,00;0,00
Companhia Geral de Minas;CGM;60.580.396/0001-15;MG;2023;Controle Operacional;CH4;0,05;0,00;0,00;1,37;0,00;0,00
Companhia Geral de Minas;CGM;60.580.396/0001-15;MG;2023;Controle Operacional;N2O;0,10;0,00;0,00;25,97;0,00;0,00
Companhia Geral de Minas;CGM;60.580.396/0001-15;MG;2023;Controle Operacional;HFC;0,00;0,00;0,00;0,00;0,00;0,00
Companhia Geral de Minas;CGM;60.580.396/0001-15;MG;2023;Controle Operacional;PFC;0,00;0,00;0,00;0,00;0,00;0,00
Companhia Geral de Minas;CGM;60.580.396/0001-15;MG;2023;Controle Operacional;SF6;0,00;0,00;0,00;0,00;0,00;0,00
Companhia Geral de Minas;CGM;60.580.396/0001-15;MG;2023;Controle Operacional;NF3;0,00;0,00;0,00;0,00;0,00;0,00
Companhia Geral de Minas;CGM;60.580.396/0001-15;MG;2023;Participação Societária;CO2;1484,10;0,00;0,00;1484,10;0,00;0,00
Companhia Geral de Minas;CGM;60.580.396/0001-15;MG;2023;Participação Societária;CH4;0,05;0,00;0,00;1,37;0,00;0,00
Companhia Geral de Minas;CGM;60.580.396/0001-15;MG;2023;Participação Societária;N2O;0,10;0,00;0,00;25,97;0,00;0,00
Companhia Geral de Minas;CGM;60.580.396/0001-15;MG;2023;Participação Societária;HFC;0,00;0,00;0,00;0,00;0,00;0,00
Companhia Geral de Minas;CGM;60.580.396/0001-15;MG;2023;Participação Societária;PFC;0,00;0,00;0,00;0,00;0,00;0,00
Companhia Geral de Minas;CGM;60.580.396/0001-15;MG;2023;Participação Societária;SF6;0,00;0,00;0,00;0,00;0,00;0,00
Companhia Geral de Minas;CGM;60.580.396/0001-15;MG;2023;Participação Societária;NF3;0,00;0,00;0,00;0,00;0,00;0,00
Alcoa Alumínio S.A. Poços de Caldas;Alcoa Poços de Caldas;23.637.697/0001-01;MG;2023;Controle Operacional;CO2;42671,29;12505,35;0,00;42671,29;12505,35;0,00
Alcoa Alumínio S.A. Poços de Caldas;Alcoa Poços de Caldas;23.637.697/0001-01;MG;2023;Controle Operacional;CH4;9,33;0,00;0,00;261,30;0,00;0,00
Alcoa Alumínio S.A. Poços de Caldas;Alcoa Poços de Caldas;23.637.697/0001-01;MG;2023;Controle Operacional;N2O;0,25;0,00;0,00;65,99;0,00;0,00
Alcoa Alumínio S.A. Poços de Caldas;Alcoa Poços de Caldas;23.637.697/0001-01;MG;2023;Controle Operacional;HFC;0,16;0,00;0,00;315,89;0,00;0,00
Alcoa Alumínio S.A. Poços de Caldas;Alcoa Poços de Caldas;23.637.697/0001-01;MG;2023;Controle Operacional;PFC;0,00;0,00;0,00;0,00;0,00;0,00
Alcoa Alumínio S.A. Poços de Caldas;Alcoa Poços de Caldas;23.637.697/0001-01;MG;2023;Controle Operacional;SF6;0,00;0,00;0,00;0,00;0,00;0,00
Alcoa Alumínio S.A. Poços de Caldas;Alcoa Poços de Caldas;23.637.697/0001-01;MG;2023;Controle Operacional;NF3;0,00;0,00;0,00;0,00;0,00;0,00
Alcoa Alumínio S.A. Poços de Caldas;Alcoa Poços de Caldas;23.637.697/0001-01;MG;2023;Participação Societária;CO2;42671,29;12505,35;0,00;42671,29;12505,35;0,00
Alcoa Alumínio S.A. Poços de Caldas;Alcoa Poços de Caldas;23.637.697/0001-01;MG;2023;Participação Societária;CH4;9,33;0,00;0,00;261,30;0,00;0,00
Alcoa Alumínio S.A. Poços de Caldas;Alcoa Poços de Caldas;23.637.697/0001-01;MG;2023;Participação Societária;N2O;0,25;0,00;0,00;65,99;0,00;0,00
Alcoa Alumínio S.A. Poços de Caldas;Alcoa Poços de Caldas;23.637.697/0001-01;MG;2023;Participação Societária;HFC;0,16;0,00;0,00;315,89;0,00;0,00
Alcoa Alumínio S.A. Poços de Caldas;Alcoa Poços de Caldas;23.637.697/0001-01;MG;2023;Participação Societária;PFC;0,00;0,00;0,00;0,00;0,00;0,00
Alcoa Alumínio S.A. Poços de Caldas;Alcoa Poços de Caldas;23.637.697/0001-01;MG;2023;Participação Societária;SF6;0,00;0,00;0,00;0,00;0,00;0,00
Alcoa Alumínio S.A. Poços de Caldas;Alcoa Poços de Caldas;23.637.697/0001-01;MG;2023;Participação Societária;NF3;0,00;0,00;0,00;0,00;0,00;0,00
Alcoa Alumínio S.A.;Alcoa;23.637.697/0135-13;SP;2020;Controle Operacional;CO2;2736480,33;30586,73;0,00;2736480,33;30586,73;0,00
Alcoa Alumínio S.A.;Alcoa;23.637.697/0135-13;SP;2020;Controle Operacional;CH4;182,81;0,00;0,00;4570,13;0,00;0,00
Alcoa Alumínio S.A.;Alcoa;23.637.697/0135-13;SP;2020;Controle Operacional;N2O;30,35;0,00;0,00;9044,30;0,00;0,00
Alcoa Alumínio S.A.;Alcoa;23.637.697/0135-13;SP;2020;Controle Operacional;HFC;0,64;0,00;0,00;1387,58;0,00;0,00
Alcoa Alumínio S.A.;Alcoa;23.637.697/0135-13;SP;2020;Controle Operacional;PFC;0,00;0,00;0,00;0,00;0,00;0,00
Alcoa Alumínio S.A.;Alcoa;23.637.697/0135-13;SP;2020;Controle Operacional;SF6;0,00;0,00;0,00;10,94;0,00;0,00
Alcoa Alumínio S.A.;Alcoa;23.637.697/0135-13;SP;2020;Controle Operacional;NF3;0,00;0,00;0,00;0,00;0,00;0,00
Alcoa Alumínio S.A.;Alcoa;23.637.697/0135-13;SP;2020;Participação Societária;CO2;1073912,82;15013,47;0,00;1073912,82;15013,47;0,00
Alcoa Alumínio S.A.;Alcoa;23.637.697/0135-13;SP;2020;Participação Societária;CH4;80,67;0,00;0,00;2016,62;0,00;0,00
Alcoa Alumínio S.A.;Alcoa;23.637.697/0135-13;SP;2020;Participação Societária;N2O;14,20;0,00;0,00;4232,43;0,00;0,00
Alcoa Alumínio S.A.;Alcoa;23.637.697/0135-13;SP;2020;Participação Societária;HFC;0,52;0,00;0,00;949,45;0,00;0,00
Alcoa Alumínio S.A.;Alcoa;23.637.697/0135-13;SP;2020;Participação Societária;PFC;0,00;0,00;0,00;0,00;0,00;0,00
Alcoa Alumínio S.A.;Alcoa;23.637.697/0135-13;SP;2020;Participação Societária;SF6;0,00;0,00;0,00;3,54;0,00;0,00
Alcoa Alumínio S.A.;Alcoa;23.637.697/0135-13;SP;2020;Participação Societária;NF3;0,00;0,00;0,00;0,00;0,00;0,00
Mineração Rio do Norte ;MRN;04.932.216/0001-46;PA;2020;Controle Operacional;CO2;630362,78;0,23;0,00;630362,78;0,23;0,00
Mineração Rio do Norte ;MRN;04.932.216/0001-46;PA;2020;Controle Operacional;CH4;126,77;0,00;0,00;3169,16;0,00;0,00
Mineração Rio do Norte ;MRN;04.932.216/0001-46;PA;2020;Controle Operacional;N2O;35,62;0,00;0,00;10613,71;0,00;0,00
Mineração Rio do Norte ;MRN;04.932.216/0001-46;PA;2020;Controle Operacional;HFC;2,63;0,00;0,00;4014,61;0,00;0,00
Mineração Rio do Norte ;MRN;04.932.216/0001-46;PA;2020;Controle Operacional;PFC;0,00;0,00;0,00;0,00;0,00;0,00
Mineração Rio do Norte ;MRN;04.932.216/0001-46;PA;2020;Controle Operacional;SF6;0,00;0,00;0,00;0,00;0,00;0,00
Mineração Rio do Norte ;MRN;04.932.216/0001-46;PA;2020;Controle Operacional;NF3;0,00;0,00;0,00;0,00;0,00;0,00
Alcoa World Alumina Brasil Ltda;Alcoa Juruti;06.167.730/0005-91;PA;2020;Controle Operacional;CO2;532189,76;0,00;0,00;532189,76;0,00;0,00
Alcoa World Alumina Brasil Ltda;Alcoa Juruti;06.167.730/0005-91;PA;2020;Controle Operacional;CH4;6,90;0,00;0,00;172,43;0,00;0,00
Alcoa World Alumina Brasil Ltda;Alcoa Juruti;06.167.730/0005-91;PA;2020;Controle Operacional;N2O;3,41;0,00;0,00;1016,18;0,00;0,00
Alcoa World Alumina Brasil Ltda;Alcoa Juruti;06.167.730/0005-91;PA;2020;Controle Operacional;HFC;0,00;0,00;0,00;0,00;0,00;0,00
Alcoa World Alumina Brasil Ltda;Alcoa Juruti;06.167.730/0005-91;PA;2020;Controle Operacional;PFC;0,00;0,00;0,00;0,00;0,00;0,00
Alcoa World Alumina Brasil Ltda;Alcoa Juruti;06.167.730/0005-91;PA;2020;Controle Operacional;SF6;0,00;0,00;0,00;0,00;0,00;0,00
Alcoa World Alumina Brasil Ltda;Alcoa Juruti;06.167.730/0005-91;PA;2020;Controle Operacional;NF3;0,00;0,00;0,00;0,00;0,00;0,00
Alcoa World Alumina Brasil Ltda;Alcoa Juruti;06.167.730/0005-91;PA;2020;Participação Societária;CO2;532189,76;0,00;0,00;532189,76;0,00;0,00
Alcoa World Alumina Brasil Ltda;Alcoa Juruti;06.167.730/0005-91;PA;2020;Participação Societária;CH4;6,90;0,00;0,00;172,43;0,00;0,00
Alcoa World Alumina Brasil Ltda;Alcoa Juruti;06.167.730/0005-91;PA;2020;Participação Societária;N2O;3,41;0,00;0,00;1016,18;0,00;0,00
Alcoa World Alumina Brasil Ltda;Alcoa Juruti;06.167.730/0005-91;PA;2020;Participação Societária;HFC;0,00;0,00;0,00;0,00;0,00;0,00
Alcoa World Alumina Brasil Ltda;Alcoa Juruti;06.167.730/0005-91;PA;2020;Participação Societária;PFC;0,00;0,00;0,00;0,00;0,00;0,00
Alcoa World Alumina Brasil Ltda;Alcoa Juruti;06.167.730/0005-91;PA;2020;Participação Societária;SF6;0,00;0,00;0,00;0,00;0,00;0,00
Alcoa World Alumina Brasil Ltda;Alcoa Juruti;06.167.730/0005-91;PA;2020;Participação Societária;NF3;0,00;0,00;0,00;0,00;0,00;0,00
Consórcio de Alumínio do Maranhão;Consórcio Alumar;00.655.209/0001-93;MA;2020;Controle Operacional;CO2;2128482,72;23003,54;0,00;2128482,72;23003,54;0,00
Consórcio de Alumínio do Maranhão;Consórcio Alumar;00.655.209/0001-94;MA;2020;Controle Operacional;CH4;165,38;0,00;0,00;4134,38;0,00;0,00
Consórcio de Alumínio do Maranhão;Consórcio Alumar;00.655.209/0001-95;MA;2020;Controle Operacional;N2O;26,74;0,00;0,00;7968,82;0,00;0,00
Consórcio de Alumínio do Maranhão;Consórcio Alumar;00.655.209/0001-96;MA;2020;Controle Operacional;HFC;0,60;0,00;0,00;1281,07;0,00;0,00
Consórcio de Alumínio do Maranhão;Consórcio Alumar;00.655.209/0001-97;MA;2020;Controle Operacional;PFC;0,00;0,00;0,00;0,00;0,00;0,00
Consórcio de Alumínio do Maranhão;Consórcio Alumar;00.655.209/0001-98;MA;2020;Controle Operacional;SF6;0,00;0,00;0,00;10,94;0,00;0,00
Consórcio de Alumínio do Maranhão;Consórcio Alumar;00.655.209/0001-99;MA;2020;Controle Operacional;NF3;0,00;0,00;0,00;0,00;0,00;0,00
Consórcio de Alumínio do Maranhão;Consórcio Alumar;00.655.209/0001-93;MA;2020;Participação Societária;CO2;2128482,72;23003,54;0,00;2128482,72;23003,54;0,00
Consórcio de Alumínio do Maranhão;Consórcio Alumar;00.655.209/0001-94;MA;2020;Participação Societária;CH4;165,38;0,00;0,00;4134,38;0,00;0,00
Consórcio de Alumínio do Maranhão;Consórcio Alumar;00.655.209/0001-95;MA;2020;Participação Societária;N2O;26,74;0,00;0,00;7968,82;0,00;0,00
Consórcio de Alumínio do Maranhão;Consórcio Alumar;00.655.209/0001-96;MA;2020;Participação Societária;HFC;0,60;0,00;0,00;1281,07;0,00;0,00
Consórcio de Alumínio do Maranhão;Consórcio Alumar;00.655.209/0001-97;MA;2020;Participação Societária;PFC;0,00;0,00;0,00;0,00;0,00;0,00
Consórcio de Alumínio do Maranhão;Consórcio Alumar;00.655.209/0001-98;MA;2020;Participação Societária;SF6;0,00;0,00;0,00;10,94;0,00;0,00
Consórcio de Alumínio do Maranhão;Consórcio Alumar;00.655.209/0001-99;MA;2020;Participação Societária;NF3;0,00;0,00;0,00;0,00;0,00;0,00
BAESA - Energética Barra Grande S.A.;BAESA;04.781.143/0001-39;RS;2020;Controle Operacional;CO2;20,35;0,25;0,00;20,35;0,25;0,00
BAESA - Energética Barra Grande S.A.;BAESA;04.781.143/0001-39;RS;2020;Controle Operacional;CH4;0,03;0,00;0,00;0,75;0,00;0,00
BAESA - Energética Barra Grande S.A.;BAESA;04.781.143/0001-39;RS;2020;Controle Operacional;N2O;0,00;0,00;0,00;0,48;0,00;0,00
BAESA - Energética Barra Grande S.A.;BAESA;04.781.143/0001-39;RS;2020;Controle Operacional;HFC;0,00;0,00;0,00;0,00;0,00;0,00
BAESA - Energética Barra Grande S.A.;BAESA;04.781.143/0001-39;RS;2020;Controle Operacional;PFC;0,00;0,00;0,00;0,00;0,00;0,00
BAESA - Energética Barra Grande S.A.;BAESA;04.781.143/0001-39;RS;2020;Controle Operacional;SF6;0,00;0,00;0,00;0,00;0,00;0,00
BAESA - Energética Barra Grande S.A.;BAESA;04.781.143/0001-39;RS;2020;Controle Operacional;NF3;0,00;0,00;0,00;0,00;0,00;0,00
Companhia Geral de Minas;CGM;60.580.396/0001-15;MG;2020;Controle Operacional;CO2;291,79;0,00;0,00;291,79;0,00;0,00
Companhia Geral de Minas;CGM;60.580.396/0001-15;MG;2020;Controle Operacional;CH4;0,02;0,00;0,00;0,53;0,00;0,00
Companhia Geral de Minas;CGM;60.580.396/0001-15;MG;2020;Controle Operacional;N2O;0,02;0,00;0,00;4,77;0,00;0,00
Companhia Geral de Minas;CGM;60.580.396/0001-15;MG;2020;Controle Operacional;HFC;0,00;0,00;0,00;0,00;0,00;0,00
Companhia Geral de Minas;CGM;60.580.396/0001-15;MG;2020;Controle Operacional;PFC;0,00;0,00;0,00;0,00;0,00;0,00
Companhia Geral de Minas;CGM;60.580.396/0001-15;MG;2020;Controle Operacional;SF6;0,00;0,00;0,00;0,00;0,00;0,00
Companhia Geral de Minas;CGM;60.580.396/0001-15;MG;2020;Controle Operacional;NF3;0,00;0,00;0,00;0,00;0,00;0,00
Companhia Geral de Minas;CGM;60.580.396/0001-15;MG;2020;Participação Societária;CO2;291,79;0,00;0,00;291,79;0,00;0,00
Companhia Geral de Minas;CGM;60.580.396/0001-15;MG;2020;Participação Societária;CH4;0,02;0,00;0,00;0,53;0,00;0,00
Companhia Geral de Minas;CGM;60.580.396/0001-15;MG;2020;Participação Societária;N2O;0,02;0,00;0,00;4,77;0,00;0,00
Companhia Geral de Minas;CGM;60.580.396/0001-15;MG;2020;Participação Societária;HFC;0,00;0,00;0,00;0,00;0,00;0,00
Companhia Geral de Minas;CGM;60.580.396/0001-15;MG;2020;Participação Societária;PFC;0,00;0,00;0,00;0,00;0,00;0,00
Companhia Geral de Minas;CGM;60.580.396/0001-15;MG;2020;Participação Societária;SF6;0,00;0,00;0,00;0,00;0,00;0,00
Companhia Geral de Minas;CGM;60.580.396/0001-15;MG;2020;Participação Societária;NF3;0,00;0,00;0,00;0,00;0,00;0,00
Alcoa Alumínio S.A. São Paulo;Alcoa São Paulo;48.879.175/0001-47;SP;2020;Controle Operacional;CO2;0,00;2,22;0,00;0,00;2,22;0,00
Alcoa Alumínio S.A. São Paulo;Alcoa São Paulo;48.879.175/0001-47;SP;2020;Controle Operacional;CH4;0,00;0,00;0,00;0,00;0,00;0,00
Alcoa Alumínio S.A. São Paulo;Alcoa São Paulo;48.879.175/0001-47;SP;2020;Controle Operacional;N2O;0,00;0,00;0,00;0,00;0,00;0,00
Alcoa Alumínio S.A. São Paulo;Alcoa São Paulo;48.879.175/0001-47;SP;2020;Controle Operacional;HFC;0,00;0,00;0,00;0,00;0,00;0,00
Alcoa Alumínio S.A. São Paulo;Alcoa São Paulo;48.879.175/0001-47;SP;2020;Controle Operacional;PFC;0,00;0,00;0,00;0,00;0,00;0,00
Alcoa Alumínio S.A. São Paulo;Alcoa São Paulo;48.879.175/0001-47;SP;2020;Controle Operacional;SF6;0,00;0,00;0,00;0,00;0,00;0,00
Alcoa Alumínio S.A. São Paulo;Alcoa São Paulo;48.879.175/0001-47;SP;2020;Controle Operacional;NF3;0,00;0,00;0,00;0,00;0,00;0,00
Alcoa Alumínio S.A. São Paulo;Alcoa São Paulo;48.879.175/0001-47;SP;2020;Participação Societária;CO2;0,00;2,22;0,00;0,00;2,22;0,00
Alcoa Alumínio S.A. São Paulo;Alcoa São Paulo;48.879.175/0001-47;SP;2020;Participação Societária;CH4;0,00;0,00;0,00;0,00;0,00;0,00
Alcoa Alumínio S.A. São Paulo;Alcoa São Paulo;48.879.175/0001-47;SP;2020;Participação Societária;N2O;0,00;0,00;0,00;0,00;0,00;0,00
Alcoa Alumínio S.A. São Paulo;Alcoa São Paulo;48.879.175/0001-47;SP;2020;Participação Societária;HFC;0,00;0,00;0,00;0,00;0,00;0,00
Alcoa Alumínio S.A. São Paulo;Alcoa São Paulo;48.879.175/0001-47;SP;2020;Participação Societária;PFC;0,00;0,00;0,00;0,00;0,00;0,00
Alcoa Alumínio S.A. São Paulo;Alcoa São Paulo;48.879.175/0001-47;SP;2020;Participação Societária;SF6;0,00;0,00;0,00;0,00;0,00;0,00
Alcoa Alumínio S.A. São Paulo;Alcoa São Paulo;48.879.175/0001-47;SP;2020;Participação Societária;NF3;0,00;0,00;0,00;0,00;0,00;0,00
Alcoa Poços de Caldas;;23.637.697/0001-01;MG;2020;Controle Operacional;CO2;75516,05;7580,98;0,00;75516,05;7580,98;0,00
Alcoa Poços de Caldas;;23.637.697/0001-01;MG;2020;Controle Operacional;CH4;10,51;0,00;0,00;262,80;0,00;0,00
Alcoa Poços de Caldas;;23.637.697/0001-01;MG;2020;Controle Operacional;N2O;0,18;0,00;0,00;54,53;0,00;0,00
Alcoa Poços de Caldas;;23.637.697/0001-01;MG;2020;Controle Operacional;HFC;0,04;0,00;0,00;106,51;0,00;0,00
Alcoa Poços de Caldas;;23.637.697/0001-01;MG;2020;Controle Operacional;PFC;0,00;0,00;0,00;0,00;0,00;0,00
Alcoa Poços de Caldas;;23.637.697/0001-01;MG;2020;Controle Operacional;SF6;0,00;0,00;0,00;0,00;0,00;0,00
Alcoa Poços de Caldas;;23.637.697/0001-01;MG;2020;Controle Operacional;NF3;0,00;0,00;0,00;0,00;0,00;0,00
Alcoa Poços de Caldas;;23.637.697/0001-01;MG;2020;Participação Societária;CO2;75516,05;7580,98;0,00;75516,05;7580,98;0,00
Alcoa Poços de Caldas;;23.637.697/0001-01;MG;2020;Participação Societária;CH4;10,51;0,00;0,00;262,80;0,00;0,00
Alcoa Poços de Caldas;;23.637.697/0001-01;MG;2020;Participação Societária;N2O;0,18;0,00;0,00;54,53;0,00;0,00
Alcoa Poços de Caldas;;23.637.697/0001-01;MG;2020;Participação Societária;HFC;0,04;0,00;0,00;106,51;0,00;0,00
Alcoa Poços de Caldas;;23.637.697/0001-01;MG;2020;Participação Societária;PFC;0,00;0,00;0,00;0,00;0,00;0,00
Alcoa Poços de Caldas;;23.637.697/0001-01;MG;2020;Participação Societária;SF6;0,00;0,00;0,00;0,00;0,00;0,00
Alcoa Poços de Caldas;;23.637.697/0001-01;MG;2020;Participação Societária;NF3;0,00;0,00;0,00;0,00;0,00;0,00
Alcoa Alumínio S.A.;Alcoa;23.637.697/0135-13;SP;2019;Controle Operacional;CO2;2614177,55;38217,88;0,00;2614177,55;38217,88;0,00
Alcoa Alumínio S.A.;Alcoa;23.637.697/0135-13;SP;2019;Controle Operacional;CH4;203,11;0,00;0,00;5077,68;0,00;0,00
Alcoa Alumínio S.A.;Alcoa;23.637.697/0135-13;SP;2019;Controle Operacional;N2O;28,64;0,00;0,00;8535,91;0,00;0,00
Alcoa Alumínio S.A.;Alcoa;23.637.697/0135-13;SP;2019;Controle Operacional;HFC;2,34;0,00;0,00;4829,02;0,00;0,00
Alcoa Alumínio S.A.;Alcoa;23.637.697/0135-13;SP;2019;Controle Operacional;PFC;0,00;0,00;0,00;0,00;0,00;0,00
Alcoa Alumínio S.A.;Alcoa;23.637.697/0135-13;SP;2019;Controle Operacional;SF6;0,00;0,00;0,00;16,90;0,00;0,00
Alcoa Alumínio S.A.;Alcoa;23.637.697/0135-13;SP;2019;Controle Operacional;NF3;0,00;0,00;0,00;0,00;0,00;0,00
Alcoa Alumínio S.A.;Alcoa;23.637.697/0135-13;SP;2019;Participação Societária;CO2;1033485,20;16779,64;0,00;1033485,20;16779,64;0,00
Alcoa Alumínio S.A.;Alcoa;23.637.697/0135-13;SP;2019;Participação Societária;CH4;89,00;0,00;0,00;2224,92;0,00;0,00
Alcoa Alumínio S.A.;Alcoa;23.637.697/0135-13;SP;2019;Participação Societária;N2O;13,18;0,00;0,00;3926,15;0,00;0,00
Alcoa Alumínio S.A.;Alcoa;23.637.697/0135-13;SP;2019;Participação Societária;HFC;1,31;0,00;0,00;2584,03;0,00;0,00
Alcoa Alumínio S.A.;Alcoa;23.637.697/0135-13;SP;2019;Participação Societária;PFC;0,00;0,00;0,00;0,00;0,00;0,00
Alcoa Alumínio S.A.;Alcoa;23.637.697/0135-13;SP;2019;Participação Societária;SF6;0,00;0,00;0,00;5,46;0,00;0,00
Alcoa Alumínio S.A.;Alcoa;23.637.697/0135-13;SP;2019;Participação Societária;NF3;0,00;0,00;0,00;0,00;0,00;0,00
BAESA - Energética Barra Grande S.A.;BAESA;04.781.143/0001-39;RS;2019;Controle Operacional;CO2;32,24;0,31;0,00;32,24;0,31;0,00
BAESA - Energética Barra Grande S.A.;BAESA;04.781.143/0001-39;RS;2019;Controle Operacional;CH4;0,04;0,00;0,00;0,88;0,00;0,00
BAESA - Energética Barra Grande S.A.;BAESA;04.781.143/0001-39;RS;2019;Controle Operacional;N2O;0,00;0,00;0,00;0,74;0,00;0,00
BAESA - Energética Barra Grande S.A.;BAESA;04.781.143/0001-39;RS;2019;Controle Operacional;HFC;0,00;0,00;0,00;0,00;0,00;0,00
BAESA - Energética Barra Grande S.A.;BAESA;04.781.143/0001-39;RS;2019;Controle Operacional;PFC;0,00;0,00;0,00;0,00;0,00;0,00
BAESA - Energética Barra Grande S.A.;BAESA;04.781.143/0001-39;RS;2019;Controle Operacional;SF6;0,00;0,00;0,00;0,00;0,00;0,00
BAESA - Energética Barra Grande S.A.;BAESA;04.781.143/0001-39;RS;2019;Controle Operacional;NF3;0,00;0,00;0,00;0,00;0,00;0,00
Alcoa World Alumina Brasil Ltda;Alcoa Juruti;06.167.730/0005-91;PA;2019;Controle Operacional;CO2;484799,89;0,00;0,00;484799,89;0,00;0,00
Alcoa World Alumina Brasil Ltda;Alcoa Juruti;06.167.730/0005-91;PA;2019;Controle Operacional;CH4;6,28;0,00;0,00;157,08;0,00;0,00
Alcoa World Alumina Brasil Ltda;Alcoa Juruti;06.167.730/0005-91;PA;2019;Controle Operacional;N2O;2,92;0,00;0,00;869,56;0,00;0,00
Alcoa World Alumina Brasil Ltda;Alcoa Juruti;06.167.730/0005-91;PA;2019;Controle Operacional;HFC;1,50;0,00;0,00;3062,22;0,00;0,00
Alcoa World Alumina Brasil Ltda;Alcoa Juruti;06.167.730/0005-91;PA;2019;Controle Operacional;PFC;0,00;0,00;0,00;0,00;0,00;0,00
Alcoa World Alumina Brasil Ltda;Alcoa Juruti;06.167.730/0005-91;PA;2019;Controle Operacional;SF6;0,00;0,00;0,00;0,00;0,00;0,00
Alcoa World Alumina Brasil Ltda;Alcoa Juruti;06.167.730/0005-91;PA;2019;Controle Operacional;NF3;0,00;0,00;0,00;0,00;0,00;0,00
Alcoa World Alumina Brasil Ltda;Alcoa Juruti;06.167.730/0005-91;PA;2019;Participação Societária;CO2;484799,89;0,00;0,00;484799,89;0,00;0,00
Alcoa World Alumina Brasil Ltda;Alcoa Juruti;06.167.730/0005-91;PA;2019;Participação Societária;CH4;6,28;0,00;0,00;157,08;0,00;0,00
Alcoa World Alumina Brasil Ltda;Alcoa Juruti;06.167.730/0005-91;PA;2019;Participação Societária;N2O;2,92;0,00;0,00;869,56;0,00;0,00
Alcoa World Alumina Brasil Ltda;Alcoa Juruti;06.167.730/0005-91;PA;2019;Participação Societária;HFC;1,50;0,00;0,00;3062,22;0,00;0,00
Alcoa World Alumina Brasil Ltda;Alcoa Juruti;06.167.730/0005-91;PA;2019;Participação Societária;PFC;0,00;0,00;0,00;0,00;0,00;0,00
Alcoa World Alumina Brasil Ltda;Alcoa Juruti;06.167.730/0005-91;PA;2019;Participação Societária;SF6;0,00;0,00;0,00;0,00;0,00;0,00
Alcoa World Alumina Brasil Ltda;Alcoa Juruti;06.167.730/0005-91;PA;2019;Participação Societária;NF3;0,00;0,00;0,00;0,00;0,00;0,00
Consórcio de Alumínio do Maranhão;Consórcio Alumar;00.655.209/0001-95;MA;2019;Controle Operacional;CO2;2028974,06;31666,84;0,00;2028974,06;31666,84;0,00
Consórcio de Alumínio do Maranhão;Consórcio Alumar;00.655.209/0001-95;MA;2019;Controle Operacional;CH4;184,15;0,00;0,00;4603,73;0,00;0,00
Consórcio de Alumínio do Maranhão;Consórcio Alumar;00.655.209/0001-95;MA;2019;Controle Operacional;N2O;25,45;0,00;0,00;7584,70;0,00;0,00
Consórcio de Alumínio do Maranhão;Consórcio Alumar;00.655.209/0001-95;MA;2019;Controle Operacional;HFC;0,61;0,00;0,00;1296,64;0,00;0,00
Consórcio de Alumínio do Maranhão;Consórcio Alumar;00.655.209/0001-95;MA;2019;Controle Operacional;PFC;0,00;0,00;0,00;0,00;0,00;0,00
Consórcio de Alumínio do Maranhão;Consórcio Alumar;00.655.209/0001-95;MA;2019;Controle Operacional;SF6;0,00;0,00;0,00;16,90;0,00;0,00
Consórcio de Alumínio do Maranhão;Consórcio Alumar;00.655.209/0001-95;MA;2019;Controle Operacional;NF3;0,00;0,00;0,00;0,00;0,00;0,00
Consórcio de Alumínio do Maranhão;Consórcio Alumar;00.655.209/0001-95;MA;2019;Participação Societária;CO2;2028974,06;31666,84;0,00;2028974,06;31666,84;0,00
Consórcio de Alumínio do Maranhão;Consórcio Alumar;00.655.209/0001-95;MA;2019;Participação Societária;CH4;184,15;0,00;0,00;4603,73;0,00;0,00
Consórcio de Alumínio do Maranhão;Consórcio Alumar;00.655.209/0001-95;MA;2019;Participação Societária;N2O;25,45;0,00;0,00;7584,70;0,00;0,00
Consórcio de Alumínio do Maranhão;Consórcio Alumar;00.655.209/0001-95;MA;2019;Participação Societária;HFC;0,61;0,00;0,00;1296,64;0,00;0,00
Consórcio de Alumínio do Maranhão;Consórcio Alumar;00.655.209/0001-95;MA;2019;Participação Societária;PFC;0,00;0,00;0,00;0,00;0,00;0,00
Consórcio de Alumínio do Maranhão;Consórcio Alumar;00.655.209/0001-95;MA;2019;Participação Societária;SF6;0,00;0,00;0,00;16,90;0,00;0,00
Consórcio de Alumínio do Maranhão;Consórcio Alumar;00.655.209/0001-95;MA;2019;Participação Societária;NF3;0,00;0,00;0,00;0,00;0,00;0,00
Companhia Geral de Minas;CGM;60.580.396/0001-15;MG;2019;Controle Operacional;CO2;337,90;0,00;0,00;337,90;0,00;0,00
Companhia Geral de Minas;CGM;60.580.396/0001-15;MG;2019;Controle Operacional;CH4;0,02;0,00;0,00;0,58;0,00;0,00
Companhia Geral de Minas;CGM;60.580.396/0001-15;MG;2019;Controle Operacional;N2O;0,02;0,00;0,00;5,36;0,00;0,00
Companhia Geral de Minas;CGM;60.580.396/0001-15;MG;2019;Controle Operacional;HFC;0,00;0,00;0,00;0,00;0,00;0,00
Companhia Geral de Minas;CGM;60.580.396/0001-15;MG;2019;Controle Operacional;PFC;0,00;0,00;0,00;0,00;0,00;0,00
Companhia Geral de Minas;CGM;60.580.396/0001-15;MG;2019;Controle Operacional;SF6;0,00;0,00;0,00;0,00;0,00;0,00
Companhia Geral de Minas;CGM;60.580.396/0001-15;MG;2019;Controle Operacional;NF3;0,00;0,00;0,00;0,00;0,00;0,00
Companhia Geral de Minas;CGM;60.580.396/0001-15;MG;2019;Participação Societária;CO2;337,90;0,00;0,00;337,90;0,00;0,00
Companhia Geral de Minas;CGM;60.580.396/0001-15;MG;2019;Participação Societária;CH4;0,02;0,00;0,00;0,58;0,00;0,00
Companhia Geral de Minas;CGM;60.580.396/0001-15;MG;2019;Participação Societária;N2O;0,02;0,00;0,00;5,36;0,00;0,00
Companhia Geral de Minas;CGM;60.580.396/0001-15;MG;2019;Participação Societária;HFC;0,00;0,00;0,00;0,00;0,00;0,00
Companhia Geral de Minas;CGM;60.580.396/0001-15;MG;2019;Participação Societária;PFC;0,00;0,00;0,00;0,00;0,00;0,00
Companhia Geral de Minas;CGM;60.580.396/0001-15;MG;2019;Participação Societária;SF6;0,00;0,00;0,00;0,00;0,00;0,00
Companhia Geral de Minas;CGM;60.580.396/0001-15;MG;2019;Participação Societária;NF3;0,00;0,00;0,00;0,00;0,00;0,00
Alcoa Alumínio S.A. São Paulo;Alcoa São Paulo;48.879.175/0001-47;SP;2019;Controle Operacional;CO2;0,00;3,64;0,00;0,00;3,64;0,00
Alcoa Alumínio S.A. São Paulo;Alcoa São Paulo;48.879.175/0001-47;SP;2019;Controle Operacional;CH4;0,00;0,00;0,00;0,00;0,00;0,00
Alcoa Alumínio S.A. São Paulo;Alcoa São Paulo;48.879.175/0001-47;SP;2019;Controle Operacional;N2O;0,00;0,00;0,00;0,00;0,00;0,00
Alcoa Alumínio S.A. São Paulo;Alcoa São Paulo;48.879.175/0001-47;SP;2019;Controle Operacional;HFC;0,00;0,00;0,00;0,00;0,00;0,00
Alcoa Alumínio S.A. São Paulo;Alcoa São Paulo;48.879.175/0001-47;SP;2019;Controle Operacional;PFC;0,00;0,00;0,00;0,00;0,00;0,00
Alcoa Alumínio S.A. São Paulo;Alcoa São Paulo;48.879.175/0001-47;SP;2019;Controle Operacional;SF6;0,00;0,00;0,00;0,00;0,00;0,00
Alcoa Alumínio S.A. São Paulo;Alcoa São Paulo;48.879.175/0001-47;SP;2019;Controle Operacional;NF3;0,00;0,00;0,00;0,00;0,00;0,00
Alcoa Alumínio S.A. São Paulo;Alcoa São Paulo;48.879.175/0001-47;SP;2019;Participação Societária;CO2;0,00;3,64;0,00;0,00;3,64;0,00
Alcoa Alumínio S.A. São Paulo;Alcoa São Paulo;48.879.175/0001-47;SP;2019;Participação Societária;CH4;0,00;0,00;0,00;0,00;0,00;0,00
Alcoa Alumínio S.A. São Paulo;Alcoa São Paulo;48.879.175/0001-47;SP;2019;Participação Societária;N2O;0,00;0,00;0,00;0,00;0,00;0,00
Alcoa Alumínio S.A. São Paulo;Alcoa São Paulo;48.879.175/0001-47;SP;2019;Participação Societária;HFC;0,00;0,00;0,00;0,00;0,00;0,00
Alcoa Alumínio S.A. São Paulo;Alcoa São Paulo;48.879.175/0001-47;SP;2019;Participação Societária;PFC;0,00;0,00;0,00;0,00;0,00;0,00
Alcoa Alumínio S.A. São Paulo;Alcoa São Paulo;48.879.175/0001-47;SP;2019;Participação Societária;SF6;0,00;0,00;0,00;0,00;0,00;0,00
Alcoa Alumínio S.A. São Paulo;Alcoa São Paulo;48.879.175/0001-47;SP;2019;Participação Societária;NF3;0,00;0,00;0,00;0,00;0,00;0,00
Mineração Rio do Norte ;MRN;04.932.216/0001-46;PA;2019;Controle Operacional;CO2;525312,11;0,73;0,00;525312,11;0,73;0,00
Mineração Rio do Norte ;MRN;04.932.216/0001-46;PA;2019;Controle Operacional;CH4;130,55;0,00;0,00;3263,68;0,00;0,00
Mineração Rio do Norte ;MRN;04.932.216/0001-46;PA;2019;Controle Operacional;N2O;31,30;0,00;0,00;9325,94;0,00;0,00
Mineração Rio do Norte ;MRN;04.932.216/0001-46;PA;2019;Controle Operacional;HFC;1,83;0,00;0,00;2765,39;0,00;0,00
Mineração Rio do Norte ;MRN;04.932.216/0001-46;PA;2019;Controle Operacional;PFC;0,00;0,00;0,00;0,00;0,00;0,00
Mineração Rio do Norte ;MRN;04.932.216/0001-46;PA;2019;Controle Operacional;SF6;0,00;0,00;0,00;0,00;0,00;0,00
Mineração Rio do Norte ;MRN;04.932.216/0001-46;PA;2019;Controle Operacional;NF3;0,00;0,00;0,00;0,00;0,00;0,00
Mineração Rio do Norte ;MRN;04.932.216/0001-46;PA;2019;Participação Societária;CO2;525312,11;0,73;0,00;525312,11;0,73;0,00
Mineração Rio do Norte ;MRN;04.932.216/0001-46;PA;2019;Participação Societária;CH4;130,55;0,00;0,00;3263,68;0,00;0,00
Mineração Rio do Norte ;MRN;04.932.216/0001-46;PA;2019;Participação Societária;N2O;31,30;0,00;0,00;9325,94;0,00;0,00
Mineração Rio do Norte ;MRN;04.932.216/0001-46;PA;2019;Participação Societária;HFC;1,83;0,00;0,00;2765,39;0,00;0,00
Mineração Rio do Norte ;MRN;04.932.216/0001-46;PA;2019;Participação Societária;PFC;0,00;0,00;0,00;0,00;0,00;0,00
Mineração Rio do Norte ;MRN;04.932.216/0001-46;PA;2019;Participação Societária;SF6;0,00;0,00;0,00;0,00;0,00;0,00
Mineração Rio do Norte ;MRN;04.932.216/0001-46;PA;2019;Participação Societária;NF3;0,00;0,00;0,00;0,00;0,00;0,00
Alcoa Alumínio S.A. Poços de Caldas;Alcoa Poços de Caldas;23.637.697/0001-01;MG;2019;Controle Operacional;CO2;100065,70;6547,39;0,00;100065,70;6547,39;0,00
Alcoa Alumínio S.A. Poços de Caldas;Alcoa Poços de Caldas;23.637.697/0001-01;MG;2023;Controle Operacional;CH4;12,65;0,00;0,00;316,30;0,00;0,00
Alcoa Alumínio S.A. Poços de Caldas;Alcoa Poços de Caldas;23.637.697/0001-01;MG;2023;Controle Operacional;N2O;0,26;0,00;0,00;76,29;0,00;0,00
Alcoa Alumínio S.A. Poços de Caldas;Alcoa Poços de Caldas;23.637.697/0001-01;MG;2023;Controle Operacional;HFC;0,24;0,00;0,00;470,16;0,00;0,00
Alcoa Alumínio S.A. Poços de Caldas;Alcoa Poços de Caldas;23.637.697/0001-01;MG;2023;Controle Operacional;PFC;0,00;0,00;0,00;0,00;0,00;0,00
Alcoa Alumínio S.A. Poços de Caldas;Alcoa Poços de Caldas;23.637.697/0001-01;MG;2023;Controle Operacional;SF6;0,00;0,00;0,00;0,00;0,00;0,00
Alcoa Alumínio S.A. Poços de Caldas;Alcoa Poços de Caldas;23.637.697/0001-01;MG;2023;Controle Operacional;NF3;0,00;0,00;0,00;0,00;0,00;0,00
Alcoa Alumínio S.A. Poços de Caldas;Alcoa Poços de Caldas;23.637.697/0001-01;MG;2023;Participação Societária;CO2;100065,70;6547,39;0,00;100065,70;6547,39;0,00
Alcoa Alumínio S.A. Poços de Caldas;Alcoa Poços de Caldas;23.637.697/0001-01;MG;2023;Participação Societária;CH4;12,65;0,00;0,00;316,30;0,00;0,00
Alcoa Alumínio S.A. Poços de Caldas;Alcoa Poços de Caldas;23.637.697/0001-01;MG;2023;Participação Societária;N2O;0,26;0,00;0,00;76,29;0,00;0,00
Alcoa Alumínio S.A. Poços de Caldas;Alcoa Poços de Caldas;23.637.697/0001-01;MG;2023;Participação Societária;HFC;0,24;0,00;0,00;470,16;0,00;0,00
Alcoa Alumínio S.A. Poços de Caldas;Alcoa Poços de Caldas;23.637.697/0001-01;MG;2023;Participação Societária;PFC;0,00;0,00;0,00;0,00;0,00;0,00
Alcoa Alumínio S.A. Poços de Caldas;Alcoa Poços de Caldas;23.637.697/0001-01;MG;2023;Participação Societária;SF6;0,00;0,00;0,00;0,00;0,00;0,00
Alcoa Alumínio S.A. Poços de Caldas;Alcoa Poços de Caldas;23.637.697/0001-01;MG;2023;Participação Societária;NF3;0,00;0,00;0,00;0,00;0,00;0,00
