Emissão/Remoção/Bunker;Gás;Setor de emissão;Categoria emissora;Sub-categoria emissora;Produto ou sistema;Detalhamento;Recorte;Atividade geral;Estado;Bioma;2019;2020;2021;2022;2023
Emissão;CO2e (t) GWP-AR6;Processos Industriais;Produção de metais;Produção de alumínio;Tecnologia Prebaked Anode;Tecnologia Prebaked Anode;Emissão efetiva;Metalurgia;Maranhão;Amazônia;0,00;0,00;0,00;108470,66;433155,86
Emissão;CO2e (t) GWP-AR6;Processos Industriais;Produção de metais;Produção de alumínio;Tecnologia Prebaked Anode;Tecnologia Prebaked Anode;Emissão efetiva;Metalurgia;Pará;Amazônia;593408,99;688434,38;775646,96;736582,99;818344,79
Emissão;CO2e (t) GWP-AR6;Processos Industriais;Produção de metais;Produção de alumínio;Tecnologia Prebaked Anode;Tecnologia Prebaked Anode;Emissão efetiva;Metalurgia;Rio de Janeiro;Mata Atlântica;0,00;0,00;0,00;0,00;0,00
Emissão;CO2e (t) GWP-AR6;Processos Industriais;Produção de metais;Produção de alumínio;Tecnologia Soderberg;Tecnologia Soderberg;Emissão efetiva;Metalurgia;Bahia;Mata Atlântica;0,00;0,00;0,00;0,00;0,00
Emissão;CO2e (t) GWP-AR6;Processos Industriais;Produção de metais;Produção de alumínio;Tecnologia Soderberg;Tecnologia Soderberg;Emissão efetiva;Metalurgia;Minas Gerais;Mata Atlântica;0,00;0,00;0,00;0,00;0,00
Emissão;CO2e (t) GWP-AR6;Processos Industriais;Produção de metais;Produção de alumínio;Tecnologia Soderberg;Tecnologia Soderberg;Emissão efetiva;Metalurgia;São Paulo;Mata Atlântica;773822,73;732214,22;824518,16;827148,59;796061,77
Emissão;CO2e (t) GWP-AR6;Processos Industriais;Produção de metais;Produção de ferro gusa e aço;Consumo de combustíveis redutores;Ferro e aço;Emissão efetiva;Metalurgia;Mato Grosso do Sul;Cerrado;0,00;0,00;0,00;0,00;0,00
Emissão;CO2e (t) GWP-AR6;Processos Industriais;Produção de metais;Produção de ferro gusa e aço;Consumo de combustíveis redutores;Ferro e aço;Emissão efetiva;Metalurgia;Espírito Santo;Mata Atlântica;10950472,58;10562470,33;12127928,29;11461532,74;10769247,96
Emissão;CO2e (t) GWP-AR6;Processos Industriais;Produção de metais;Produção de ferro gusa e aço;Consumo de combustíveis redutores;Ferro e aço;Emissão efetiva;Metalurgia;Minas Gerais;Mata Atlântica;8812530,26;8080328,20;7465719,97;6663042,00;5732893,15
Emissão;CO2e (t) GWP-AR6;Processos Industriais;Produção de metais;Produção de ferro gusa e aço;Consumo de combustíveis redutores;Ferro e aço;Emissão efetiva;Metalurgia;Rio de Janeiro;Mata Atlântica;4780336,06;4701839,26;5334809,53;4993961,91;4775961,36
Emissão;CO2e (t) GWP-AR6;Processos Industriais;Produção de metais;Produção de ferro gusa e aço;Consumo de combustíveis redutores;Ferro e aço;Emissão efetiva;Metalurgia;São Paulo;Mata Atlântica;1205,12;944,07;1231,28;1322,74;1158,95
Emissão;CO2e (t) GWP-AR6;Processos Industriais;Produção de metais;Produção de ferro gusa e aço;Consumo de combustíveis redutores;Ferro e aço;Emissão efetiva;Metalurgia;Espírito Santo;NA;0,00;0,00;0,00;0,00;0,00
Emissão;CO2e (t) GWP-AR6;Processos Industriais;Produção de metais;Produção de ferro gusa e aço;Consumo de combustíveis redutores;Ferro e aço;Emissão efetiva;Metalurgia;Minas Gerais;NA;6847503,03;7024831,48;9878167,18;9727847,34;9667974,74
Emissão;CO2e (t) GWP-AR6;Processos Industriais;Produção de metais;Produção de ferro gusa e aço;Consumo de combustíveis redutores;Ferro e aço;Emissão efetiva;Metalurgia;Rio de Janeiro;NA;855333,64;734144,76;906838,71;904725,32;766440,93
Emissão;CO2e (t) GWP-AR6;Processos Industriais;Produção de metais;Produção de ferro gusa e aço;Consumo de combustíveis redutores;Ferro e aço;Emissão efetiva;Metalurgia;Rio Grande do Sul;NA;0,00;0,00;0,00;0,00;0,00
Emissão;CO2e (t) GWP-AR6;Processos Industriais;Produção de metais;Produção de ferro gusa e aço;Consumo de combustíveis redutores;Ferro e aço;Emissão efetiva;Metalurgia;São Paulo;NA;23385,89;22775,63;26003,90;24415,95;23025,10
Emissão;CO2e (t) GWP-AR6;Processos Industriais;Produção de metais;Produção de ferro gusa e aço;Consumo de combustíveis redutores;Produção de Gusa;Emissão efetiva;Metalurgia;Alagoas;NA;0,00;0,00;0,00;0,00;0,00
Emissão;CO2e (t) GWP-AR6;Processos Industriais;Produção de metais;Produção de ferro gusa e aço;Consumo de combustíveis redutores;Produção de Gusa;Emissão efetiva;Metalurgia;Bahia;NA;0,00;0,00;0,00;0,00;0,00
Emissão;CO2e (t) GWP-AR6;Processos Industriais;Produção de metais;Produção de ferro gusa e aço;Consumo de combustíveis redutores;Produção de Gusa;Emissão efetiva;Metalurgia;Ceará;NA;0,00;0,00;0,00;0,00;0,00
Emissão;CO2e (t) GWP-AR6;Processos Industriais;Produção de metais;Produção de ferro gusa e aço;Consumo de combustíveis redutores;Produção de Gusa;Emissão efetiva;Metalurgia;Espírito Santo;NA;0,00;0,00;0,00;0,00;0,00
Emissão;CO2e (t) GWP-AR6;Processos Industriais;Produção de metais;Produção de ferro gusa e aço;Consumo de combustíveis redutores;Produção de Gusa;Emissão efetiva;Metalurgia;Minas Gerais;NA;640,27;634,52;665,32;639,30;614,43
Emissão;CO2e (t) GWP-AR6;Processos Industriais;Produção de metais;Produção de ferro gusa e aço;Consumo de combustíveis redutores;Produção de Gusa;Emissão efetiva;Metalurgia;Não Alocado;NA;206,58;204,73;214,67;206,27;198,25
Emissão;CO2e (t) GWP-AR6;Processos Industriais;Produção de metais;Produção de ferro gusa e aço;Consumo de combustíveis redutores;Produção de Gusa;Emissão efetiva;Metalurgia;Pará;NA;0,00;0,00;0,00;0,00;0,00
Emissão;CO2e (t) GWP-AR6;Processos Industriais;Produção de metais;Produção de ferro gusa e aço;Consumo de combustíveis redutores;Produção de Gusa;Emissão efetiva;Metalurgia;Paraná;NA;0,00;0,00;0,00;0,00;0,00
Emissão;CO2e (t) GWP-AR6;Processos Industriais;Produção de metais;Produção de ferro gusa e aço;Consumo de combustíveis redutores;Produção de Gusa;Emissão efetiva;Metalurgia;Pernambuco;NA;0,00;0,00;0,00;0,00;0,00
Emissão;CO2e (t) GWP-AR6;Processos Industriais;Produção de metais;Produção de ferro gusa e aço;Consumo de combustíveis redutores;Produção de Gusa;Emissão efetiva;Metalurgia;Rio de Janeiro;NA;0,00;0,00;0,00;0,00;0,00
Emissão;CO2e (t) GWP-AR6;Processos Industriais;Produção de metais;Produção de ferro gusa e aço;Consumo de combustíveis redutores;Produção de Gusa;Emissão efetiva;Metalurgia;Rio Grande do Sul;NA;0,00;0,00;0,00;0,00;0,00
Emissão;CO2e (t) GWP-AR6;Processos Industriais;Produção de metais;Produção de ferro gusa e aço;Consumo de combustíveis redutores;Produção de Gusa;Emissão efetiva;Metalurgia;São Paulo;NA;9,28;9,20;9,65;9,27;8,91
Emissão;CO2e (t) GWP-AR6;Processos Industriais;Produção de metais;Produção de ferroligas;Consumo de combustíveis redutores;Carvão vapor 6000;Emissão efetiva;Metalurgia;Bahia;NA;0,00;0,00;0,00;0,00;0,00
Emissão;CO2e (t) GWP-AR6;Processos Industriais;Produção de metais;Produção de ferroligas;Consumo de combustíveis redutores;Carvão vapor 6000;Emissão efetiva;Metalurgia;Mato Grosso do Sul;NA;0,00;0,00;0,00;0,00;0,00
Emissão;CO2e (t) GWP-AR6;Processos Industriais;Produção de metais;Produção de ferroligas;Consumo de combustíveis redutores;Carvão vapor 6000;Emissão efetiva;Metalurgia;Minas Gerais;NA;0,00;0,00;0,00;0,00;0,00
Emissão;CO2e (t) GWP-AR6;Processos Industriais;Produção de metais;Produção de ferroligas;Consumo de combustíveis redutores;Carvão vapor 6000;Emissão efetiva;Metalurgia;Não Alocado;NA;0,00;0,00;0,00;0,00;0,00
Emissão;CO2e (t) GWP-AR6;Processos Industriais;Produção de metais;Produção de ferroligas;Consumo de combustíveis redutores;Carvão vapor 6000;Emissão efetiva;Metalurgia;São Paulo;NA;0,00;0,00;0,00;0,00;0,00
Emissão;CO2e (t) GWP-AR6;Processos Industriais;Produção de metais;Produção de ferroligas;Consumo de combustíveis redutores;Carvão vegetal;Emissão efetiva;Metalurgia;Bahia;NA;14496,39;15607,49;31109,20;30710,80;28710,80
Emissão;CO2e (t) GWP-AR6;Processos Industriais;Produção de metais;Produção de ferroligas;Consumo de combustíveis redutores;Carvão vegetal;Emissão efetiva;Metalurgia;Mato Grosso do Sul;NA;0,00;0,00;0,00;0,00;0,00
Emissão;CO2e (t) GWP-AR6;Processos Industriais;Produção de metais;Produção de ferroligas;Consumo de combustíveis redutores;Carvão vegetal;Emissão efetiva;Metalurgia;Minas Gerais;NA;48102,74;51789,66;103228,34;101906,33;95269,82
Emissão;CO2e (t) GWP-AR6;Processos Industriais;Produção de metais;Produção de ferroligas;Consumo de combustíveis redutores;Carvão vegetal;Emissão efetiva;Metalurgia;Não Alocado;NA;50738,43;54627,36;108884,52;107490,08;100489,94
Emissão;CO2e (t) GWP-AR6;Processos Industriais;Produção de metais;Produção de ferroligas;Consumo de combustíveis redutores;Carvão vegetal;Emissão efetiva;Metalurgia;São Paulo;NA;1202,57;1294,74;2580,71;2547,66;2381,75
Emissão;CO2e (t) GWP-AR6;Processos Industriais;Produção de metais;Produção de ferroligas;Consumo de combustíveis redutores;Coque de carvão mineral;Emissão efetiva;Metalurgia;Bahia;NA;280057,79;301523,31;313751,03;296511,29;277201,39
Emissão;CO2e (t) GWP-AR6;Processos Industriais;Produção de metais;Produção de ferroligas;Consumo de combustíveis redutores;Coque de carvão mineral;Emissão efetiva;Metalurgia;Mato Grosso do Sul;NA;0,00;0,00;0,00;0,00;0,00
Emissão;CO2e (t) GWP-AR6;Processos Industriais;Produção de metais;Produção de ferroligas;Consumo de combustíveis redutores;Coque de carvão mineral;Emissão efetiva;Metalurgia;Minas Gerais;NA;63969,24;68872,28;71665,27;67727,46;63316,80
Emissão;CO2e (t) GWP-AR6;Processos Industriais;Produção de metais;Produção de ferroligas;Consumo de combustíveis redutores;Coque de carvão mineral;Emissão efetiva;Metalurgia;Não Alocado;NA;0,00;0,00;0,00;0,00;0,00
Emissão;CO2e (t) GWP-AR6;Processos Industriais;Produção de metais;Produção de ferroligas;Consumo de combustíveis redutores;Coque de carvão mineral;Emissão efetiva;Metalurgia;São Paulo;NA;0,00;0,00;0,00;0,00;0,00
Emissão;CO2e (t) GWP-AR6;Processos Industriais;Produção de metais;Produção de ferroligas;Consumo de combustíveis redutores;Coque de petróleo;Emissão efetiva;Metalurgia;Bahia;NA;0,00;0,00;0,00;0,00;0,00
Emissão;CO2e (t) GWP-AR6;Processos Industriais;Produção de metais;Produção de ferroligas;Consumo de combustíveis redutores;Coque de petróleo;Emissão efetiva;Metalurgia;Mato Grosso do Sul;NA;0,00;0,00;0,00;0,00;0,00
Emissão;CO2e (t) GWP-AR6;Processos Industriais;Produção de metais;Produção de ferroligas;Consumo de combustíveis redutores;Coque de petróleo;Emissão efetiva;Metalurgia;Minas Gerais;NA;17991,07;10501,15;9660,03;9129,23;8534,71
Emissão;CO2e (t) GWP-AR6;Processos Industriais;Produção de metais;Produção de ferroligas;Consumo de combustíveis redutores;Coque de petróleo;Emissão efetiva;Metalurgia;Não Alocado;NA;487622,70;284618,96;261821,37;247435,02;231321,15
Emissão;CO2e (t) GWP-AR6;Processos Industriais;Produção de metais;Produção de ferroligas;Consumo de combustíveis redutores;Coque de petróleo;Emissão efetiva;Metalurgia;São Paulo;NA;0,00;0,00;0,00;0,00;0,00
Emissão;CO2e (t) GWP-AR6;Processos Industriais;Produção de metais;Produção de magnésio;Consumo de dolomita;Consumo de dolomita;Emissão efetiva;Metalurgia;Minas Gerais;NA;137715,50;128744,63;146995,32;146995,32;146995,32
Emissão;CO2e (t) GWP-AR6;Processos Industriais;Produção de metais;Produção de magnésio;Uso de SF6;Uso de SF6;Emissão efetiva;Metalurgia;Minas Gerais;NA;0,00;0,00;0,00;0,00;0,00
Emissão;CO2e (t) GWP-AR6;Processos Industriais;Produção de metais;Produção de outros não-ferrosos;Consumo de combustíveis redutores;Carvão vapor 6000;Emissão efetiva;Metalurgia;Não Alocado;NA;0,00;0,00;0,00;0,00;0,00
Emissão;CO2e (t) GWP-AR6;Processos Industriais;Produção de metais;Produção de outros não-ferrosos;Consumo de combustíveis redutores;Carvão vegetal;Emissão efetiva;Metalurgia;Não Alocado;NA;2958,95;2841,55;3005,96;2735,42;2906,76
Emissão;CO2e (t) GWP-AR6;Processos Industriais;Produção de metais;Produção de outros não-ferrosos;Consumo de combustíveis redutores;Coque de carvão mineral;Emissão efetiva;Metalurgia;Não Alocado;NA;1179067,03;1205006,50;1446007,81;1315867,10;1398289,55
Emissão;CO2e (t) GWP-AR6;Processos Industriais;Produção de metais;Produção de outros não-ferrosos;Consumo de combustíveis redutores;Coque de petróleo;Emissão efetiva;Metalurgia;Não Alocado;NA;1017503,34;1072682,01;838666,07;607928,95;539508,51
